Req_ID,Category,Source_Doc,Source_Section,Requirement_Description,User_Journey_Phase,UI_Element_Needed,Data_Required,Backend_Capability,Priority,Status_in_Frontend_Plan,Screen_Location,API_Endpoint,Mock_Server_Status,Data_Mode
REQ-001,Input,Doc-08,Phase 1,Parse natural language requirements into structured constraints,1-Requirements,Text input with AI parsing,NL text → structured JSON,Internal LLM parsing,P1,Addressed,Screen 1: Requirements Input,POST /api/requirements/parse,Addressed,Both
REQ-002,Input,Doc-08,Phase 1,Decode pressure specification (working vs burst),1-Requirements,Clarification display,Pressure type interpretation,Rule engine,P1,Addressed,Screen 1: Parsed Requirements,POST /api/requirements/parse,Addressed,Both
REQ-003,Input,Doc-08,Phase 1,Standards lookup and cross-reference,1-Requirements,Standards list with requirements,Standards database query,Standards DB,P1,Addressed,Screen 1: Applicable Standards,GET /api/standards,Addressed,Static
REQ-004,Input,Doc-08,Phase 1,Calculate derived requirements (test pressure burst pressure cycle life),1-Requirements,Derived requirements display,Calculation results,Physics engine,P1,Addressed,Screen 1: Derived Requirements Table,POST /api/requirements/parse,Addressed,Both
REQ-005,Input,Doc-08,Phase 1,Temperature range determination from application,1-Requirements,Temperature range display,Application → temp mapping,Lookup table,P2,Addressed,Screen 1: Derived Requirements Table,POST /api/requirements/parse,Addressed,Static
REQ-006,Input,Doc-08,Phase 1,Fire resistance requirements identification,1-Requirements,Fire test requirements,Standards extraction,Standards DB,P2,Addressed,Screen 1: Derived Requirements Table,POST /api/requirements/parse,Addressed,Static
REQ-007,Concept,Doc-08,Phase 2,Tank type selection with rationale,2-Concept,Tank type cards with comparison,Type comparison data,tank_type_router,P1,Addressed,Screen 2: Tank Type Recommendation,POST /api/tank-type/recommend,Addressed,Both
REQ-008,Concept,Doc-08,Phase 2,Tank type feasibility check (weight/volume ratio),2-Concept,Feasibility indicators,Feasibility calculation,Physics engine,P1,Addressed,Screen 2: Type Comparison Table,POST /api/tank-type/recommend,Addressed,Both
REQ-009,Concept,Doc-09,Level 2.1,Type V consideration and trade-offs,2-Concept,Type V option with caveats,Type V certification status,Knowledge base,P2,Addressed,Screen 2: Type Comparison + Why Not buttons,POST /api/tank-type/recommend,Addressed,Static
REQ-010,Concept,Doc-09,Level 2.2,Hybrid fiber layup exploration (carbon/glass),2-Concept,Hybrid material option,Hybrid cost/weight analysis,material_router,P2,Addressed,Screen 2: Fiber Material Alternatives,GET /api/materials,Addressed,Static
REQ-011,Materials,Doc-08,Phase 2,Fiber material selection with properties,2-Concept,Material selector with specs,Material database,material_router,P1,Addressed,Screen 2: Materials Section,GET /api/materials,Addressed,Static
REQ-012,Materials,Doc-08,Phase 2,Matrix material selection,2-Concept,Matrix selector,Matrix properties,material_router,P1,Addressed,Screen 2: Materials Section,GET /api/materials,Addressed,Static
REQ-013,Materials,Doc-08,Phase 2,Liner material selection with permeation data,2-Concept,Liner selector with permeation,Liner permeability data,material_router,P1,Addressed,Screen 2: Materials Section,GET /api/materials,Addressed,Static
REQ-014,Materials,Doc-08,Phase 2,Boss material selection (corrosion consideration),2-Concept,Boss selector,Corrosion compatibility,material_router,P1,Addressed,Screen 2: Materials Section,GET /api/materials,Addressed,Static
REQ-015,Materials,Doc-09,3.1,Display material properties table (E1 E2 G12 nu12 strengths),2-Concept,Material properties table,Full material data,Material DB,P1,Addressed,Screen 2: Material Properties Table,GET /api/materials,Addressed,Static
REQ-016,Geometry,Doc-08,Phase 3,Isotensoid dome profile generation,Auto,Not shown (auto),Dome coordinates,isotensoid_dome_generator,P1,Addressed,Screen 5 Tab 1: Geometry - Dome Profile,GET /api/designs/{id}/geometry,Addressed,Static
REQ-017,Geometry,Doc-08,Phase 3,Dome profile visualization,3-Visualization,2D dome profile curve,Dome z(r) coordinates,Geometry generator,P1,Addressed,Screen 5 Tab 1: Dome Profile 2D Curve,GET /api/designs/{id}/geometry,Addressed,Static
REQ-018,Geometry,Doc-08,Phase 3,Boss geometry visualization,3-Visualization,Boss profile in context,Boss dimensions,Geometry generator,P1,Addressed,Screen 5 Tab 1: Boss Detail + Dome Profile,GET /api/designs/{id}/geometry,Addressed,Static
REQ-019,Geometry,Doc-08,Phase 3,Geodesic path visualization on dome,3-Visualization,Fiber path lines on 3D,Geodesic calculations,Winding simulator,P2,Deferred,Future enhancement - P2,N/A,Deferred,N/A
REQ-020,Geometry,Doc-08,Phase 5,Winding angle variation on dome,3-Visualization,Angle color map on surface,Angle distribution data,Winding simulator,P2,Deferred,Future enhancement - P2,N/A,Deferred,N/A
REQ-021,Geometry,Doc-08,Phase 5,Thickness distribution visualization,3-Visualization,Thickness color map on surface,Thickness distribution,Winding simulator,P1,Addressed,Screen 5 Tab 1: Thickness Distribution,GET /api/designs/{id}/geometry,Addressed,Static
REQ-022,Geometry,Doc-09,Appendix,Display isotensoid equation and parameters,5-Details,Equation display with values,α₀ r₀ dome_depth,Geometry generator,P3,Addressed,Screen 5 Tab 1: Isotensoid Parameters,GET /api/designs/{id}/geometry,Addressed,Static
REQ-023,Sizing,Doc-08,Phase 4,Netting theory initial sizing display,Auto,Optional detail view,Initial thickness estimate,netting_theory_sizing,P2,Deferred,Future enhancement - P2,N/A,Deferred,N/A
REQ-024,Sizing,Doc-09,3.1,Design variable bounds display,4-Optimization,Parameter ranges,Variable bounds,Config,P2,Deferred,Future enhancement - P2,N/A,Deferred,N/A
REQ-025,Layup,Doc-08,Phase 4,Layup sequence definition display,5-Details,Layer table (type angle thickness),Layup array,Optimizer output,P1,Addressed,Screen 5 Tab 1: Layup Definition Table,GET /api/designs/{id}/geometry,Addressed,Static
REQ-026,Layup,Doc-08,Phase 4,Winding angle display per layer,5-Details,Angle column in layup table,Per-layer angles,Optimizer output,P1,Addressed,Screen 5 Tab 1: Layup Table - Angle Column,GET /api/designs/{id}/geometry,Addressed,Static
REQ-027,Layup,Doc-08,Phase 4,Layer thickness display,5-Details,Thickness column,Per-layer thickness,Optimizer output,P1,Addressed,Screen 5 Tab 1: Layup Table - Thick Column,GET /api/designs/{id}/geometry,Addressed,Static
REQ-028,Layup,Doc-08,Phase 4,Coverage type (full vs cylinder only),5-Details,Coverage column,Coverage per layer,Optimizer output,P1,Addressed,Screen 5 Tab 1: Layup Table - Coverage Column,GET /api/designs/{id}/geometry,Addressed,Static
REQ-029,Layup,Doc-08,Phase 5,Winding turnaround points,5-Details,Turnaround annotation,Winding program,Winding simulator,P3,Deferred,Future enhancement - P3,N/A,Deferred,N/A
REQ-030,Layup,Doc-08,Phase 5,Fiber slippage check visualization,5-Details,Slippage warning overlay,Friction coefficient check,Winding simulator,P2,Deferred,Future enhancement - P2,N/A,Deferred,N/A
REQ-031,3D-View,Doc-08,Phase 5,3D tank model (rotatable),3-Visualization,Three.js canvas with controls,3D geometry data,Geometry generator,P1,Addressed,Screen 5 Tab 1: 3D Interactive Model,GET /api/designs/{id}/geometry,Addressed,Static
REQ-032,3D-View,Doc-08,Phase 5,Layer toggle in 3D view,3-Visualization,Show/hide layer controls,Per-layer geometry,Geometry generator,P1,Addressed,Screen 5 Tab 1: Layer Toggle Controls,GET /api/designs/{id}/geometry,Addressed,Static
REQ-033,3D-View,Doc-08,Phase 5,Helical vs hoop layer distinction,3-Visualization,Color coding by layer type,Layer type data,Optimizer output,P1,Addressed,Screen 5 Tab 1: Layer Toggle,GET /api/designs/{id}/geometry,Addressed,Static
REQ-034,3D-View,Doc-08,Phase 6,Section view (cut-away),3-Visualization,Section plane control,Cross-section geometry,Geometry generator,P1,Addressed,Screen 5 Tab 1: Section View Control,GET /api/designs/{id}/geometry,Addressed,Static
REQ-035,3D-View,Doc-08,Phase 6,Liner visibility in section,3-Visualization,Liner layer in section,Liner geometry,Geometry generator,P1,Addressed,Screen 5 Tab 1: Section View - Liner,GET /api/designs/{id}/geometry,Addressed,Static
REQ-036,3D-View,Doc-08,Phase 6,Boss detail view,3-Visualization,Boss zoom/detail,Boss geometry,Geometry generator,P2,Addressed,Screen 5 Tab 1: Section View - Boss Interface,GET /api/designs/{id}/geometry,Addressed,Static
REQ-037,FEA-Setup,Doc-08,Phase 6,Mesh visualization,6-Validation,Mesh overlay on 3D,Mesh data,FEA interface,P2,Deferred,Future enhancement - P2,N/A,Deferred,N/A
REQ-038,FEA-Setup,Doc-08,Phase 6,Mesh density at dome-cylinder transition,6-Validation,Mesh refinement indication,Mesh metrics,FEA interface,P3,Deferred,Future enhancement - P3,N/A,Deferred,N/A
REQ-039,FEA-Setup,Doc-08,Phase 6,Boundary conditions display,6-Validation,BC annotations on 3D,BC definition,FEA interface,P2,Deferred,Future enhancement - P2,N/A,Deferred,N/A
REQ-040,FEA-Setup,Doc-08,Phase 6,Material assignment visualization,6-Validation,Material color coding,Material zones,FEA interface,P2,Deferred,Future enhancement - P2,N/A,Deferred,N/A
REQ-041,FEA-Results,Doc-08,Phase 7,Stress contour plot (von Mises),5-Details,Color-mapped stress on 3D,Stress field data,burst_surrogate or FEA,P1,Addressed,Screen 5 Tab 2: Stress Analysis - von Mises,GET /api/designs/{id}/stress,Addressed,Simulated
REQ-042,FEA-Results,Doc-08,Phase 7,Hoop stress distribution,5-Details,Hoop stress contour,σ_hoop field,stress_surrogate,P1,Addressed,Screen 5 Tab 2: Stress Type Selector,GET /api/designs/{id}/stress?type=hoop,Addressed,Simulated
REQ-043,FEA-Results,Doc-08,Phase 7,Axial stress distribution,5-Details,Axial stress contour,σ_axial field,stress_surrogate,P1,Addressed,Screen 5 Tab 2: Stress Type Selector,GET /api/designs/{id}/stress?type=axial,Addressed,Simulated
REQ-044,FEA-Results,Doc-08,Phase 7,Maximum stress location identification,5-Details,Max stress marker/highlight,Max stress coords,stress_surrogate,P1,Addressed,Screen 5 Tab 2: Maximum Stress Panel,GET /api/designs/{id}/stress,Addressed,Simulated
REQ-045,FEA-Results,Doc-08,Phase 7,Stress margin calculation display,5-Details,Margin percentage,Allowable vs actual,stress_surrogate,P1,Addressed,Screen 5 Tab 2: Margin Column,GET /api/designs/{id}/stress,Addressed,Simulated
REQ-046,FEA-Results,Doc-08,Phase 7,Per-layer stress breakdown,5-Details,Layer stress table,Per-layer stress,stress_surrogate,P1,Addressed,Screen 5 Tab 2: Layer Stress Table,GET /api/designs/{id}/stress,Addressed,Simulated
REQ-047,FEA-Results,Doc-08,Phase 7,Tsai-Wu failure index display,5-Details,Failure index contour,Tsai-Wu field,stress_surrogate,P1,Addressed,Screen 5 Tab 3: Tsai-Wu Contour,GET /api/designs/{id}/failure,Addressed,Simulated
REQ-048,FEA-Results,Doc-08,Phase 7,Load case selector (test vs burst),5-Details,Load case dropdown,Multiple load results,stress_surrogate,P1,Addressed,Screen 5 Tab 2: Load Case Selector,GET /api/designs/{id}/stress?load_case=*,Addressed,Simulated
REQ-049,Failure,Doc-08,Phase 8,Predicted failure mode display,5-Details,Failure mode indicator,Failure prediction,failure_mode_classifier,P1,Addressed,Screen 5 Tab 3: Predicted Failure Mode,GET /api/designs/{id}/failure,Addressed,Static
REQ-050,Failure,Doc-08,Phase 8,First ply failure identification,5-Details,FPF layer highlight,FPF analysis,failure_mode_classifier,P1,Addressed,Screen 5 Tab 3: First Ply Failure,GET /api/designs/{id}/failure,Addressed,Static
REQ-051,Failure,Doc-08,Phase 8,Progressive failure sequence,5-Details,Failure sequence timeline,Progressive analysis,failure_mode_classifier,P1,Addressed,Screen 5 Tab 3: Progressive Failure Sequence,GET /api/designs/{id}/failure,Addressed,Static
REQ-052,Failure,Doc-08,Phase 8,Failure mode confirmation (fiber breakage preferred),5-Details,Pass/fail indicator,Mode verification,failure_mode_classifier,P1,Addressed,Screen 5 Tab 3: is_preferred Flag,GET /api/designs/{id}/failure,Addressed,Static
REQ-053,Failure,Doc-09,3.2,Hashin damage criteria display,5-Details,Hashin indices table,Hashin calculations,failure_mode_classifier,P2,Addressed,Screen 5 Tab 3: Hashin Indices Table,GET /api/designs/{id}/failure,Addressed,Static
REQ-054,Thermal,Doc-08,Phase 9,Fast-fill temperature analysis,5-Details,Temperature profile,Thermal simulation,thermal_surrogate,P1,Addressed,Screen 5 Tab 4: Fast-Fill Analysis,GET /api/designs/{id}/thermal,Addressed,Simulated
REQ-055,Thermal,Doc-08,Phase 9,Peak temperature display,5-Details,Max temp indicator,Peak temp calc,thermal_surrogate,P1,Addressed,Screen 5 Tab 4: Peak Temperatures,GET /api/designs/{id}/thermal,Addressed,Simulated
REQ-056,Thermal,Doc-08,Phase 9,Thermal stress contribution,5-Details,Thermal stress value,Thermal stress calc,thermal_surrogate,P1,Addressed,Screen 5 Tab 4: Thermal Stress Components,GET /api/designs/{id}/thermal,Addressed,Simulated
REQ-057,Thermal,Doc-08,Phase 9,Extreme temperature performance,5-Details,Hot/cold soak results,Extreme temp analysis,thermal_surrogate,P1,Addressed,Screen 5 Tab 4: Extreme Temperature Table,GET /api/designs/{id}/thermal,Addressed,Simulated
REQ-058,Optimization,Doc-08,Phase 4,Live optimization progress display,4-Optimization,Progress bar with animation,Progress updates,NSGA-II engine,P1,Addressed,Screen 3: Progress Bar,GET /api/optimization/{id}/stream,Addressed,Simulated
REQ-059,Optimization,Doc-08,Phase 4,Generation counter,4-Optimization,Generation number,Current generation,NSGA-II engine,P1,Addressed,Screen 3: Generation Counter,GET /api/optimization/{id}/stream,Addressed,Simulated
REQ-060,Optimization,Doc-08,Phase 4,Designs evaluated counter,4-Optimization,Count display,Evaluation count,NSGA-II engine,P1,Addressed,Screen 3: Designs Evaluated,GET /api/optimization/{id}/stream,Addressed,Simulated
REQ-061,Optimization,Doc-08,Phase 4,Current Pareto front size,4-Optimization,Pareto size indicator,Front size,NSGA-II engine,P1,Addressed,Screen 3: Pareto Front Size,GET /api/optimization/{id}/stream,Addressed,Simulated
REQ-062,Optimization,Doc-10,NSGA-II,Current best designs display,4-Optimization,Best designs table,Current best,NSGA-II engine,P1,Addressed,Screen 3: Current Best Designs,GET /api/optimization/{id}/stream,Addressed,Simulated
REQ-063,Optimization,Doc-10,NSGA-II,Convergence chart,4-Optimization,Line chart,Convergence history,NSGA-II engine,P2,Addressed,Screen 3: Convergence Chart,GET /api/optimization/{id}/stream,Addressed,Simulated
REQ-064,Optimization,Doc-10,NSGA-II,Design space exploration scatter,4-Optimization,Scatter plot,Design samples,NSGA-II engine,P2,Addressed,Screen 3: Design Space Scatter,GET /api/optimization/{id}/stream,Addressed,Simulated
REQ-065,Results,Doc-08,Phase 4,Pareto frontier visualization,4-Results,2D/3D Pareto plot,Pareto designs,Optimizer output,P1,Addressed,Screen 4: Pareto Frontier Plot,GET /api/optimization/{id}/results,Addressed,Static
REQ-066,Results,Doc-08,Phase 4,Interactive Pareto plot (hover/select),4-Results,Interactive chart,Design selection,UI interaction,P1,Addressed,Screen 4: Interactive Pareto,GET /api/optimization/{id}/results,Addressed,Static
REQ-067,Results,Doc-08,Phase 4,Design selection from Pareto,4-Results,Click to select,Selected design ID,UI interaction,P1,Addressed,Screen 4: Click to Select,GET /api/optimization/{id}/results,Addressed,Static
REQ-068,Results,Doc-08,Phase 4,Trade-off category labels,4-Results,Category tags,Trade-off classification,Optimizer output,P1,Addressed,Screen 4: Trade-off Category,GET /api/optimization/{id}/results,Addressed,Static
REQ-069,Results,Doc-08,Phase 4,Pareto designs table,4-Results,Data table,All Pareto designs,Optimizer output,P1,Addressed,Screen 4: Pareto Designs Table,GET /api/optimization/{id}/results,Addressed,Static
REQ-070,Results,Doc-08,Phase 4,Recommended design highlight,4-Results,Recommendation badge,Recommendation logic,Recommender,P1,Addressed,Screen 4: Recommended Design,GET /api/optimization/{id}/results,Addressed,Static
REQ-071,Results,Doc-08,Phase 4,Multi-design comparison,6-Comparison,Comparison table,Multiple designs,Comparison engine,P1,Addressed,Screen 6: Design Comparison,POST /api/compare,Addressed,Static
REQ-072,Results,Doc-08,Phase 4,Radar chart comparison,6-Comparison,Radar chart,Normalized metrics,Comparison engine,P1,Addressed,Screen 6: Radar Chart,POST /api/compare,Addressed,Static
REQ-073,Results,Doc-08,Phase 4,Side-by-side metrics table,6-Comparison,Comparison table,Design metrics,Comparison engine,P1,Addressed,Screen 6: Comparison Table,POST /api/compare,Addressed,Static
REQ-074,Results,Doc-08,Phase 4,Stress comparison visualization,6-Comparison,Side-by-side stress,Stress data per design,stress_surrogate,P2,Addressed,Screen 6: Stress Comparison,POST /api/compare,Addressed,Static
REQ-075,Results,Doc-08,Phase 4,Better/worse indicators,6-Comparison,Comparison arrows,Relative ranking,Comparison engine,P1,Addressed,Screen 6: Better Column,POST /api/compare,Addressed,Static
REQ-076,Reliability,Doc-08,Phase 11,Monte Carlo results display,5-Details,P(failure) value,MC simulation results,reliability_estimator,P1,Addressed,Screen 5 Tab 5: Monte Carlo Results,GET /api/designs/{id}/reliability,Addressed,Simulated
REQ-077,Reliability,Doc-08,Phase 11,Burst pressure distribution histogram,5-Details,Histogram chart,Burst distribution,reliability_estimator,P1,Addressed,Screen 5 Tab 5: Burst Histogram,GET /api/designs/{id}/reliability,Addressed,Simulated
REQ-078,Reliability,Doc-08,Phase 11,Confidence intervals display,5-Details,CI bounds,Percentile values,reliability_estimator,P1,Addressed,Screen 5 Tab 5: Confidence Intervals,GET /api/designs/{id}/reliability,Addressed,Simulated
REQ-079,Reliability,Doc-09,3.3,Uncertainty source breakdown,5-Details,Pie/bar chart,Variance decomposition,reliability_estimator,P1,Addressed,Screen 5 Tab 5: Uncertainty Breakdown,GET /api/designs/{id}/reliability,Addressed,Simulated
REQ-080,Reliability,Doc-09,3.3,Sensitivity analysis tornado chart,5-Details,Tornado chart,Sensitivity coefficients,reliability_estimator,P1,Addressed,Screen 5 Tab 5: Sensitivity Tornado,GET /api/designs/{id}/reliability,Addressed,Simulated
REQ-081,Reliability,Doc-09,3.3,Key insight identification,5-Details,Insight callout,Analysis summary,Explainer LLM,P1,Addressed,Screen 5 Tab 5: Key Insight,GET /api/designs/{id}/reliability,Addressed,Static
REQ-082,Reliability,Doc-08,Phase 11,Safety factor vs reliability comparison,5-Details,Factor comparison,SF vs P(fail),reliability_estimator,P2,Addressed,Screen 5 Tab 5: Safety Factor Section,GET /api/designs/{id}/reliability,Addressed,Static
REQ-083,Reliability,Doc-08,Phase 11,CoV interpretation,5-Details,CoV explanation,Statistical context,Static content,P2,Addressed,Screen 5 Tab 5: CoV Interpretation,GET /api/designs/{id}/reliability,Addressed,Static
REQ-084,Compliance,Doc-08,Phase 4,Standards compliance status,4-Results,Pass/fail badges,Compliance check,Standards checker,P1,Addressed,Screen 4: Compliance Status,GET /api/designs/{id}/compliance,Addressed,Static
REQ-085,Compliance,Doc-08,Phase 4,Per-standard compliance detail,4-Results,Expandable standard rows,Per-standard results,Standards checker,P1,Addressed,Screen 4: Per-Standard Detail,GET /api/designs/{id}/compliance,Addressed,Static
REQ-086,Compliance,Doc-08,Phase 4,Clause-by-clause breakdown,7-Export,Clause table,Clause-level compliance,Standards checker,P2,Addressed,Screen 8: Clause Breakdown,GET /api/designs/{id}/compliance,Addressed,Static
REQ-087,Compliance,Doc-08,Phase 4,ISO 11119-3 specific checks,4-Results,ISO checklist,ISO requirements,Standards checker,P1,Addressed,Screen 4: ISO 11119-3 Section,GET /api/designs/{id}/compliance,Addressed,Static
REQ-088,Compliance,Doc-08,Phase 4,UN R134 specific checks,4-Results,UN R134 checklist,UN R134 requirements,Standards checker,P1,Addressed,Screen 4: UN R134 Section,GET /api/designs/{id}/compliance,Addressed,Static
REQ-089,Compliance,Doc-08,Phase 4,EC 79 specific checks,4-Results,EC 79 checklist,EC 79 requirements,Standards checker,P1,Addressed,Screen 4: EC 79 Section,GET /api/designs/{id}/compliance,Addressed,Static
REQ-090,Validation,Doc-08,Phase 6,Surrogate model confidence display,6-Validation,R² scores table,Model accuracy,Surrogate metadata,P1,Addressed,Screen 7: Surrogate Confidence,GET /api/designs/{id}/surrogate-confidence,Addressed,Static
REQ-091,Validation,Doc-08,Phase 6,Prediction confidence intervals,6-Validation,CI for predictions,Uncertainty bounds,Surrogate metadata,P1,Addressed,Screen 7: Prediction CIs,GET /api/designs/{id}/surrogate-confidence,Addressed,Static
REQ-092,Validation,Doc-08,Phase 6,Validation FEA recommendation,6-Validation,FEA suggestion,When to validate,Validation logic,P1,Addressed,Screen 7: Validation FEA Button,GET /api/designs/{id}/surrogate-confidence,Addressed,Static
REQ-093,Validation,Doc-08,Phase 6,Model accuracy by output,6-Validation,Per-output R²,Accuracy breakdown,Surrogate metadata,P2,Addressed,Screen 7: Per-Output Accuracy,GET /api/designs/{id}/surrogate-confidence,Addressed,Static
REQ-094,Testing,Doc-08,Phase 12,Test plan generation,6-Validation,Test plan table,Test requirements,Test planner,P1,Addressed,Screen 7: Test Plan Table,GET /api/designs/{id}/test-plan,Addressed,Static
REQ-095,Testing,Doc-08,Phase 12,Required test types list,6-Validation,Test type list,Test categories,Standards DB,P1,Addressed,Screen 7: Test Types Column,GET /api/designs/{id}/test-plan,Addressed,Static
REQ-096,Testing,Doc-08,Phase 12,Test article quantities,6-Validation,Article count,Quantity calc,Test planner,P1,Addressed,Screen 7: Articles Column,GET /api/designs/{id}/test-plan,Addressed,Static
REQ-097,Testing,Doc-08,Phase 12,Estimated test duration,6-Validation,Duration estimate,Time calc,Test planner,P1,Addressed,Screen 7: Duration Column,GET /api/designs/{id}/test-plan,Addressed,Static
REQ-098,Testing,Doc-08,Phase 12,Specific test parameters (cycles temp range),6-Validation,Test parameters table,Test specs,Standards DB,P1,Addressed,Screen 7: Parameters Column,GET /api/designs/{id}/test-plan,Addressed,Static
REQ-099,Monitoring,Doc-06,Sentry,Through-life monitoring plan,6-Validation,Monitoring spec panel,Sensor locations,Sentry integration,P1,Addressed,Screen 7: Sentry Monitoring Section,GET /api/designs/{id}/sentry,Addressed,Static
REQ-100,Monitoring,Doc-06,Sentry,Critical inspection points,6-Validation,Inspection point markers,Critical locations,stress_surrogate,P1,Addressed,Screen 7: Critical Monitoring Points List,GET /api/designs/{id}/sentry,Addressed,Static
REQ-101,Monitoring,Doc-06,Sentry,Sensor location recommendations,6-Validation,Sensor placement on 3D,Sensor coords,Sentry integration,P1,Addressed,Screen 7: 3D Model with Sensor Markers,GET /api/designs/{id}/sentry,Addressed,Static
REQ-102,Monitoring,Doc-06,Sentry,Inspection interval recommendations,6-Validation,Inspection schedule,Interval calc,Damage tolerance,P2,Addressed,Screen 7: Interval Column,GET /api/designs/{id}/sentry,Addressed,Static
REQ-103,Manufacturing,Doc-08,Phase 10,Winding sequence specification,7-Export,Winding order table,Winding sequence,Manufacturing spec,P1,Addressed,Screen 8: Winding Sequence Spec,POST /api/export,Addressed,Static
REQ-104,Manufacturing,Doc-08,Phase 10,Fiber tension settings,7-Export,Tension value,Tension spec,Manufacturing spec,P2,Addressed,Screen 8: Manufacturing Preview - Tension,POST /api/export,Addressed,Static
REQ-105,Manufacturing,Doc-08,Phase 10,Cure cycle specification,7-Export,Cure cycle chart/table,Cure profile,Manufacturing spec,P1,Addressed,Screen 8: Cure Cycle Chart,POST /api/export,Addressed,Static
REQ-106,Manufacturing,Doc-08,Phase 10,Post-cure requirements,7-Export,Post-cure spec,Post-cure profile,Manufacturing spec,P2,Addressed,Screen 8: Cure Cycle - Post-cure,POST /api/export,Addressed,Static
REQ-107,Manufacturing,Doc-08,Phase 10,Quality control plan,7-Export,QC checklist,QC requirements,QC generator,P1,Addressed,Screen 8: QC Inspection Plan Checkbox,POST /api/export,Addressed,Static
REQ-108,Manufacturing,Doc-08,Phase 10,Dimensional tolerances,7-Export,Tolerance table,Tolerance specs,Manufacturing spec,P2,Addressed,Screen 8: Dimensional Tolerances Checkbox,POST /api/export,Addressed,Static
REQ-109,Manufacturing,Doc-08,Phase 10,Ultrasonic inspection requirements,7-Export,NDE spec,Inspection criteria,QC generator,P2,Addressed,Screen 8: NDE Requirements Checkbox,POST /api/export,Addressed,Static
REQ-110,Manufacturing,Doc-08,Phase 10,Accept/reject criteria,7-Export,Criteria table,Acceptance limits,QC generator,P2,Addressed,Screen 8: Accept/Reject Criteria Checkbox,POST /api/export,Addressed,Static
REQ-111,Export,Doc-08,Phase 13,STEP file export,7-Export,STEP download,3D geometry,CAD export,P1,Addressed,Screen 8: Geometry Files - STEP,GET /api/export/{id}/download,Addressed,Static
REQ-112,Export,Doc-08,Phase 13,DXF drawing export,7-Export,DXF download,2D drawings,CAD export,P2,Addressed,Screen 8: Geometry Files - DXF,GET /api/export/{id}/download,Addressed,Static
REQ-113,Export,Doc-08,Phase 10,Dome coordinates CSV,7-Export,CSV download,Dome coords,Geometry generator,P1,Addressed,Screen 8: Geometry Files - Dome CSV,GET /api/export/{id}/download,Addressed,Static
REQ-114,Export,Doc-08,Phase 10,Layup definition CSV,7-Export,CSV download,Layup data,Optimizer output,P1,Addressed,Screen 8: Manufacturing Data - Layup CSV,GET /api/export/{id}/download,Addressed,Static
REQ-115,Export,Doc-08,Phase 5,Winding program (NC code),7-Export,NC file download,NC code,Winding simulator,P2,Addressed,Screen 8: Manufacturing Data - NC,GET /api/export/{id}/download,Addressed,Static
REQ-116,Export,Doc-08,Phase 13,Design report PDF,7-Export,PDF download,Report data,Report generator,P1,Addressed,Screen 8: Analysis Reports - Design Report,GET /api/export/{id}/download,Addressed,Static
REQ-117,Export,Doc-08,Phase 13,Stress analysis report,7-Export,PDF section,Analysis results,Report generator,P1,Addressed,Screen 8: Analysis Reports - Stress Report,GET /api/export/{id}/download,Addressed,Static
REQ-118,Export,Doc-08,Phase 13,Certification documentation package,7-Export,Doc bundle download,All cert docs,Doc generator,P1,Addressed,Screen 8: Compliance Documentation,GET /api/export/{id}/download,Addressed,Static
REQ-119,Export,Doc-08,Phase 13,Material test certificates template,7-Export,Template download,Material specs,Material DB,P2,Addressed,Screen 8: Certification Support,GET /api/export/{id}/download,Addressed,Static
REQ-120,Export,Doc-08,Phase 13,Traceability matrix template,7-Export,Template download,Traceability format,Doc generator,P2,Addressed,Screen 8: Certification Support,GET /api/export/{id}/download,Addressed,Static
REQ-121,UI-General,Doc-08,Agent Output,Workflow progress indicator,All,Step indicator bar,Current step,UI state,P1,Addressed,Global: Workflow Progress Bar,N/A (Frontend only),Addressed,N/A
REQ-122,UI-General,Doc-08,Agent Output,Step navigation (back/forward),All,Navigation buttons,Step transitions,UI state,P1,Addressed,Global: Back/Forward Buttons,N/A (Frontend only),Addressed,N/A
REQ-123,UI-General,Doc-08,Agent Output,Data persistence across steps,All,State management,Workflow state,UI state,P1,Addressed,Global: State Persistence,N/A (Frontend only),Addressed,N/A
REQ-124,UI-General,Doc-10,Execution,Execution time display,4-Results,Time metric,Elapsed time,Timer,P1,Addressed,Screen 3: Elapsed Time + Screen 4,GET /api/optimization/{id}/stream,Addressed,Simulated
REQ-125,UI-General,Doc-10,Execution,Total evaluations display,4-Results,Count metric,Eval count,NSGA-II engine,P1,Addressed,Screen 4: Evaluation Count,GET /api/optimization/{id}/results,Addressed,Static
REQ-126,Explainer,Doc-09,5.1,Engineering rationale for recommendations,4-Results,Explanation panel,Rationale text,Explainer LLM,P1,Addressed,Screen 4: WHY DESIGN C Panel,GET /api/optimization/{id}/results,Addressed,Static
REQ-127,Explainer,Doc-08,Agent Output,Why not other options explanation,2-Concept,Expandable explanations,Alternative analysis,Explainer LLM,P1,Addressed,Screen 2: Why Not buttons,POST /api/tank-type/recommend,Addressed,Static
REQ-128,Explainer,Doc-09,5.1,Trust-building through transparency,All,Show-your-work options,Calculation steps,UI design,P1,Addressed,Global: Expandable Rationale Sections,N/A (Frontend only),Addressed,N/A
REQ-129,Explainer,Doc-10,Step 5,On-demand explanations from LLM,5-Details,Ask why button,Query interface,Explainer LLM,P2,Addressed,Screen 5 Tab 6: Show All Equations,N/A (Frontend only),Addressed,N/A
REQ-130,Performance,Doc-10,Targets,Requirements to Pareto under 60 seconds,4-Optimization,Progress within time,Speed target,System design,P1,Addressed,Screen 3: Remaining Time Estimate,GET /api/optimization/{id}/stream,Addressed,Simulated
REQ-131,Performance,Doc-10,Targets,500K+ designs evaluated,4-Optimization,Count display,Eval target,NSGA-II engine,P1,Addressed,Screen 3: Designs Evaluated Counter,GET /api/optimization/{id}/stream,Addressed,Simulated
REQ-132,Cost,Doc-09,4.1,Cost breakdown display,5-Details,Cost pie chart or table,Cost components,Cost model,P2,Addressed,Screen 5 Tab 6: Cost Breakdown,GET /api/designs/{id}/cost,Addressed,Static
REQ-133,Cost,Doc-09,4.1,Carbon fiber cost dominance highlight,5-Details,Fiber cost emphasis,Fiber cost %,Cost model,P2,Addressed,Screen 5 Tab 6: Pie Chart - 47%,GET /api/designs/{id}/cost,Addressed,Static
REQ-134,Cost,Doc-09,4.2,Weight-cost relationship display,5-Details,Weight vs cost chart,Correlation data,Cost model,P2,Addressed,Screen 5 Tab 6: Weight-Cost Trade-off Chart,GET /api/designs/{id}/cost,Addressed,Static
REQ-135,Cost,Doc-09,4.3,Development cost savings estimate,1-Requirements,ROI display,Savings calc,Business model,P3,Deferred,Future enhancement - P3,N/A,Deferred,N/A
REQ-136,Physics,Doc-09,1.2,Hoop/axial stress ratio display,5-Details,Stress ratio value,σ_hoop/σ_axial,Physics engine,P2,Addressed,Screen 5 Tab 6: Physics - Stress Ratio,GET /api/designs/{id}/stress,Addressed,Static
REQ-137,Physics,Doc-09,1.3,Stored energy calculation display,5-Details,Energy value (MJ),E calculation,Physics engine,P3,Addressed,Screen 5 Tab 6: Physics - Stored Energy,GET /api/designs/{id}/cost,Addressed,Static
REQ-138,Physics,Doc-09,1.4,Permeation rate calculation,5-Details,Permeation value,J calculation,Physics engine,P1,Addressed,Screen 5 Tab 6: Physics - Permeation,GET /api/designs/{id}/cost,Addressed,Static
REQ-139,Physics,Doc-09,Appendix,Key equations display (educational),5-Details,Equation panel,Equations,Static content,P3,Addressed,Screen 5 Tab 6: Show All Equations,N/A (Frontend only),Addressed,N/A
REQ-140,Architecture,Doc-10,Routing,Tank type routing confidence,2-Concept,Confidence indicator,Route confidence,tank_type_router,P2,Deferred,Future enhancement - P2,N/A,Deferred,N/A
REQ-141,Architecture,Doc-10,Surrogates,Surrogate model being used,4-Optimization,Model indicator,Model ID,System info,P3,Deferred,Future enhancement - P3,N/A,Deferred,N/A
REQ-142,Architecture,Doc-10,Workflow,Workflow step indicator,4-Optimization,Current step display,Workflow state,Workflow engine,P2,Addressed,Global: Step Indicator,N/A (Frontend only),Addressed,N/A
REQ-143,API-Contract,Doc-12,Architecture,Standalone mock server separation from frontend,Backend,Separate Next.js project,N/A,Mock server,P1,Addressed,Mock Server: Standalone Project,All endpoints,Addressed,Both
REQ-144,API-Contract,Doc-12,Architecture,OpenAPI 3.0 specification as source of truth,Backend,OpenAPI YAML file,API schema definitions,Mock server,P1,Addressed,openapi-h2-tank-api.yaml,All endpoints,Addressed,N/A
REQ-145,API-Contract,Doc-12,Architecture,Environment-based backend switching,Backend,NEXT_PUBLIC_API_URL,Environment config,Frontend config,P1,Addressed,Frontend .env configuration,All endpoints,Addressed,N/A
REQ-146,API-Contract,Doc-12,Architecture,Zero code change backend swap,Backend,Env var only,URL configuration,System design,P1,Addressed,Environment variable switch,All endpoints,Addressed,N/A
REQ-147,API-Contract,Doc-12,Data Modes,Static data mode for demos,Backend,DATA_MODE=static,Static JSON files,Mock server,P1,Addressed,Mock Server: /data/static/*,All endpoints,Addressed,Static
REQ-148,API-Contract,Doc-12,Data Modes,Simulated data mode for testing,Backend,DATA_MODE=simulated,Simulation engines,Mock server,P1,Addressed,Mock Server: /lib/simulators/*,Dynamic endpoints,Addressed,Simulated
REQ-149,API-Contract,Doc-12,Data Modes,Hybrid data mode for development,Backend,DATA_MODE=hybrid,Mixed static/simulated,Mock server,P1,Addressed,Mock Server: Mode selection,All endpoints,Addressed,Both
REQ-150,API-Contract,Doc-12,Streaming,Server-Sent Events for optimization progress,Backend,SSE endpoint,Event stream,Mock server,P1,Addressed,GET /api/optimization/{id}/stream,Stream endpoint,Addressed,Simulated
REQ-151,API-Contract,Doc-12,Streaming,Real-time progress events,Backend,Progress event type,Generation + designs + pareto,Mock server,P1,Addressed,SSE event: progress,Stream endpoint,Addressed,Simulated
REQ-152,API-Contract,Doc-12,Streaming,Best design update events,Backend,best_update event type,Current best designs,Mock server,P1,Addressed,SSE event: best_update,Stream endpoint,Addressed,Simulated
REQ-153,API-Contract,Doc-12,Streaming,Completion event,Backend,complete event type,Final status,Mock server,P1,Addressed,SSE event: complete,Stream endpoint,Addressed,Simulated
REQ-154,Simulator,Doc-12,OptimizationSimulator,NSGA-II progress simulation,Backend,Progress generator,Realistic progress curve,Mock server,P1,Addressed,OptimizationSimulator class,Stream endpoint,Addressed,Simulated
REQ-155,Simulator,Doc-12,OptimizationSimulator,Pareto front evolution simulation,Backend,Pareto growth,Logarithmic growth model,Mock server,P1,Addressed,updateParetoFront method,Stream endpoint,Addressed,Simulated
REQ-156,Simulator,Doc-12,OptimizationSimulator,Design generation with realistic distributions,Backend,Design generator,Weight/cost/burst ranges,Mock server,P1,Addressed,generateDesigns method,Stream endpoint,Addressed,Simulated
REQ-157,Simulator,Doc-12,StressSimulator,Von Mises stress field generation,Backend,Stress field,Nodal stress values,Mock server,P1,Addressed,StressSimulator class,GET /api/designs/{id}/stress,Addressed,Simulated
REQ-158,Simulator,Doc-12,StressSimulator,Dome stress concentration modeling,Backend,SCF calculation,Transition zone stress,Mock server,P1,Addressed,domeStressMultiplier method,GET /api/designs/{id}/stress,Addressed,Simulated
REQ-159,Simulator,Doc-12,StressSimulator,Physics-based noise injection,Backend,Noise generator,Realistic variation,Mock server,P2,Addressed,noise method with noiseLevel,GET /api/designs/{id}/stress,Addressed,Simulated
REQ-160,Simulator,Doc-12,ReliabilitySimulator,Monte Carlo sampling simulation,Backend,MC sampler,Burst distribution,Mock server,P1,Addressed,simulateMonteCarloResults,GET /api/designs/{id}/reliability,Addressed,Simulated
REQ-161,Simulator,Doc-12,ReliabilitySimulator,Configurable random seed,Backend,Seed parameter,Reproducible results,Mock server,P2,Addressed,seed parameter in simulator,GET /api/designs/{id}/reliability,Addressed,Simulated
REQ-162,Simulator,Doc-12,ThermalSimulator,Fast-fill temperature simulation,Backend,Temp profile,Time-series temp data,Mock server,P1,Addressed,ThermalSimulator class,GET /api/designs/{id}/thermal,Addressed,Simulated
REQ-163,Integration,Doc-12,Frontend,API client with base URL configuration,Frontend,apiClient function,Fetch wrapper,Frontend code,P1,Addressed,lib/api-client.ts,All endpoints,Addressed,N/A
REQ-164,Integration,Doc-12,Frontend,React Query integration hooks,Frontend,useQuery hooks,Data fetching,Frontend code,P2,Addressed,hooks/useDesign*.ts,All GET endpoints,Addressed,N/A
REQ-165,Integration,Doc-12,Frontend,SSE hook for optimization streaming,Frontend,useOptimizationStream,EventSource wrapper,Frontend code,P1,Addressed,hooks/useOptimizationStream.ts,Stream endpoint,Addressed,N/A
REQ-166,Integration,Doc-12,Frontend,Error handling with ApiError class,Frontend,Error handler,Error responses,Frontend code,P1,Addressed,lib/api-client.ts,All endpoints,Addressed,N/A
REQ-167,Data-Schema,Doc-12,Requirements,ParsedRequirementsResponse schema,Backend,JSON schema,Parsed requirements,Mock server,P1,Addressed,Schema in OpenAPI,POST /api/requirements/parse,Addressed,Both
REQ-168,Data-Schema,Doc-12,Configuration,TankTypeResponse schema,Backend,JSON schema,Type recommendation,Mock server,P1,Addressed,Schema in OpenAPI,POST /api/tank-type/recommend,Addressed,Both
REQ-169,Data-Schema,Doc-12,Configuration,MaterialsResponse schema,Backend,JSON schema,Material database,Mock server,P1,Addressed,Schema in OpenAPI,GET /api/materials,Addressed,Static
REQ-170,Data-Schema,Doc-12,Optimization,OptimizationResults schema,Backend,JSON schema,Pareto designs,Mock server,P1,Addressed,Schema in OpenAPI,GET /api/optimization/{id}/results,Addressed,Static
REQ-171,Data-Schema,Doc-12,Analysis,GeometryData schema,Backend,JSON schema,3D geometry + layup,Mock server,P1,Addressed,Schema in OpenAPI,GET /api/designs/{id}/geometry,Addressed,Static
REQ-172,Data-Schema,Doc-12,Analysis,StressData schema,Backend,JSON schema,Stress field + layers,Mock server,P1,Addressed,Schema in OpenAPI,GET /api/designs/{id}/stress,Addressed,Simulated
REQ-173,Data-Schema,Doc-12,Analysis,FailureData schema,Backend,JSON schema,Failure analysis,Mock server,P1,Addressed,Schema in OpenAPI,GET /api/designs/{id}/failure,Addressed,Static
REQ-174,Data-Schema,Doc-12,Analysis,ThermalData schema,Backend,JSON schema,Thermal analysis,Mock server,P1,Addressed,Schema in OpenAPI,GET /api/designs/{id}/thermal,Addressed,Simulated
REQ-175,Data-Schema,Doc-12,Analysis,ReliabilityData schema,Backend,JSON schema,Monte Carlo results,Mock server,P1,Addressed,Schema in OpenAPI,GET /api/designs/{id}/reliability,Addressed,Simulated
REQ-176,Data-Schema,Doc-12,Validation,SurrogateConfidence schema,Backend,JSON schema,Model accuracy,Mock server,P1,Addressed,Schema in OpenAPI,GET /api/designs/{id}/surrogate-confidence,Addressed,Static
REQ-177,Data-Schema,Doc-12,Validation,TestPlan schema,Backend,JSON schema,Test specifications,Mock server,P1,Addressed,Schema in OpenAPI,GET /api/designs/{id}/test-plan,Addressed,Static
REQ-178,Data-Schema,Doc-12,Validation,SentrySpec schema,Backend,JSON schema,Monitoring spec,Mock server,P1,Addressed,Schema in OpenAPI,GET /api/designs/{id}/sentry,Addressed,Static
REQ-179,Data-Schema,Doc-12,Export,ExportRequest schema,Backend,JSON schema,Export configuration,Mock server,P1,Addressed,Schema in OpenAPI,POST /api/export,Addressed,Static
REQ-180,Data-Schema,Doc-12,Export,ExportStatus schema,Backend,JSON schema,Export job status,Mock server,P1,Addressed,Schema in OpenAPI,GET /api/export/{id},Addressed,Static
REQ-181,Static-Data,Doc-12,Designs,Pre-defined Pareto designs (A-E),Backend,Static JSON,5 reference designs,Mock server,P1,Addressed,/data/static/designs/*.json,Design endpoints,Addressed,Static
REQ-182,Static-Data,Doc-12,Materials,Material database JSON,Backend,Static JSON,Fibers matrices liners bosses,Mock server,P1,Addressed,/data/static/materials/material-database.json,GET /api/materials,Addressed,Static
REQ-183,Static-Data,Doc-12,Standards,Standards database JSON,Backend,Static JSON,ISO UN EC SAE standards,Mock server,P1,Addressed,/data/static/standards/h2-standards.json,GET /api/standards,Addressed,Static
REQ-184,Static-Data,Doc-12,Pareto,Full Pareto set (50 designs),Backend,Static JSON,Complete Pareto frontier,Mock server,P1,Addressed,/data/static/pareto/pareto-50.json,Results endpoint,Addressed,Static
REQ-185,Backend-Contract,Doc-12,Contract,Real backend must match endpoint paths,Backend,Path matching,Identical routes,Real backend,P1,Addressed,OpenAPI paths section,All endpoints,Pending,N/A
REQ-186,Backend-Contract,Doc-12,Contract,Real backend must match request schemas,Backend,Schema compliance,Request validation,Real backend,P1,Addressed,OpenAPI requestBody,All POST endpoints,Pending,N/A
REQ-187,Backend-Contract,Doc-12,Contract,Real backend must match response schemas,Backend,Schema compliance,Response format,Real backend,P1,Addressed,OpenAPI responses,All endpoints,Pending,N/A
REQ-188,Backend-Contract,Doc-12,Contract,Real backend must support SSE streaming,Backend,SSE support,Event stream,Real backend,P1,Addressed,text/event-stream,Stream endpoint,Pending,N/A
REQ-189,Backend-Contract,Doc-12,Contract,Real backend must match error formats,Backend,Error schema,Error responses,Real backend,P1,Addressed,Error schema in OpenAPI,All endpoints,Pending,N/A
REQ-190,LLM-Engagement,Doc-Competition,Section 2,Conversational requirements gathering with LLM dialogue,1-Requirements,Chat-style interface with AI responses,User messages + AI parsed responses,LLM chat engine,P1,Gap,Screen 1: Conversational Chat Panel,POST /api/requirements/chat,Gap,Both
REQ-191,LLM-Engagement,Doc-Competition,Section 2,Multi-turn dialogue for requirement clarification,1-Requirements,Message history with context,Dialogue state management,LLM chat engine,P1,Gap,Screen 1: Chat History Panel,POST /api/requirements/chat,Gap,Both
REQ-192,LLM-Engagement,Doc-Competition,Section 2,Proactive follow-up questions from AI,1-Requirements,AI-generated clarification prompts,Question generation logic,LLM chat engine,P1,Gap,Screen 1: AI Follow-up Questions,POST /api/requirements/chat,Gap,Both
REQ-193,LLM-Engagement,Doc-Competition,Section 2,Real-time requirement extraction display,1-Requirements,Live structured data panel,Incremental parsing results,LLM parser,P1,Gap,Screen 1: Live Requirements Panel,POST /api/requirements/chat,Gap,Both
REQ-194,LLM-Engagement,Doc-Competition,Section 2,Confidence indicators for parsed requirements,1-Requirements,Confidence badges per field,Confidence scores,LLM parser,P2,Gap,Screen 1: Confidence Indicators,POST /api/requirements/chat,Gap,Both
REQ-195,LLM-Engagement,Doc-Competition,Section 2,Edit and confirm parsed requirements,1-Requirements,Inline editing capability,User corrections,LLM parser,P1,Gap,Screen 1: Edit Requirements Panel,POST /api/requirements/confirm,Gap,Both
REQ-196,LLM-Engagement,Doc-Competition,Section 2,Suggested requirements from application context,1-Requirements,AI suggestion chips,Context-based suggestions,LLM suggestion engine,P2,Gap,Screen 1: Suggested Requirements,POST /api/requirements/chat,Gap,Both
REQ-197,3D-Geometry,Doc-08,Phase 3,Isotensoid dome profile in 3D model (not spherical),3-Visualization,Three.js lathe geometry with isotensoid curve,Profile r(z) coordinates,Geometry generator,P1,Gap,Screen 5 Tab 1: 3D Model - Isotensoid Domes,GET /api/designs/{id}/geometry,Gap,Static
REQ-198,3D-Geometry,Doc-08,Phase 3,Boss openings with hole geometry at dome ends,3-Visualization,3D boss holes with cylinder cutout,Boss ID/OD dimensions,Geometry generator,P1,Gap,Screen 5 Tab 1: 3D Model - Boss Holes,GET /api/designs/{id}/geometry,Gap,Static
REQ-199,3D-Geometry,Doc-08,Phase 6,Dome-cylinder transition region visible,3-Visualization,Smooth blend geometry,Transition coordinates,Geometry generator,P1,Gap,Screen 5 Tab 1: 3D Model - Transition Zone,GET /api/designs/{id}/geometry,Gap,Static
REQ-200,3D-Geometry,Doc-08,Phase 6,Boss-dome interface detail with thread region,3-Visualization,Thread detail geometry,Boss thread specs,Geometry generator,P2,Gap,Screen 5 Tab 1: Boss Detail View,GET /api/designs/{id}/geometry,Gap,Static
REQ-201,3D-Geometry,Doc-08,Phase 5,Fiber winding visualization on dome surface,3-Visualization,Helical fiber path lines,Geodesic calculations,Winding visualizer,P2,Gap,Screen 5 Tab 1: 3D Model - Fiber Paths,GET /api/designs/{id}/geometry,Gap,Static
REQ-202,3D-Geometry,Doc-09,Appendix,Realistic material textures (carbon fiber weave),3-Visualization,PBR material with normal maps,Texture assets,Three.js materials,P3,Gap,Screen 5 Tab 1: 3D Model - Materials,N/A (Frontend only),Gap,N/A
REQ-203,Physics-SCF,Doc-12,StressSimulator,Stress concentration factor at dome-cylinder transition,5-Details,SCF value display + contour highlighting,SCF calculation (K_t = 1.5-2.5),Physics engine,P1,Gap,Screen 5 Tab 2: SCF at Transition,GET /api/designs/{id}/stress,Gap,Simulated
REQ-204,Physics-SCF,Doc-12,StressSimulator,Stress concentration factor at boss-dome interface,5-Details,SCF value display + contour highlighting,SCF calculation (K_t = 2.0-3.5),Physics engine,P1,Gap,Screen 5 Tab 2: SCF at Boss,GET /api/designs/{id}/stress,Gap,Simulated
REQ-205,Physics-SCF,Doc-12,StressSimulator,Critical stress location markers in 3D,5-Details,3D markers at max stress points,Max stress coordinates,stress_surrogate,P1,Gap,Screen 5 Tab 2: 3D Stress Markers,GET /api/designs/{id}/stress,Gap,Simulated
REQ-206,Physics-SCF,Doc-12,StressSimulator,Fiber angle effect on local stress,5-Details,Angle vs stress correlation display,Per-angle stress variation,Physics engine,P2,Gap,Screen 5 Tab 2: Angle Effect Chart,GET /api/designs/{id}/stress,Gap,Simulated
REQ-207,Physics-SCF,Doc-12,StressSimulator,Ply drop stress concentration modeling,5-Details,Ply drop SCF visualization,Drop zone stress data,Physics engine,P2,Gap,Screen 5 Tab 2: Ply Drop Zones,GET /api/designs/{id}/stress,Gap,Simulated
REQ-208,Physics-SCF,Doc-08,Phase 7,Through-thickness stress gradient,5-Details,Gradient visualization per layer,Layer stress profile,stress_surrogate,P1,Gap,Screen 5 Tab 2: Through-Thickness Plot,GET /api/designs/{id}/stress,Gap,Simulated
REQ-209,Physics-SCF,Doc-09,3.2,Interlaminar shear stress display,5-Details,Interlaminar stress values,Shear stress calculation,stress_surrogate,P2,Gap,Screen 5 Tab 2: Interlaminar Shear,GET /api/designs/{id}/stress,Gap,Simulated
REQ-210,Physics-SCF,Doc-12,StressSimulator,Stress path along critical sections,5-Details,Line plot along dome profile,Path stress data,stress_surrogate,P1,Gap,Screen 5 Tab 2: Stress Path Plot,GET /api/designs/{id}/stress,Gap,Simulated
REQ-211,CAD-Core,Doc-08,Phase 5,OpenCascade.js WebAssembly integration for browser-based CAD kernel,3-Visualization,CAD engine initialization with loading indicator,OpenCascade WASM module (~15MB),opencascade-wasm loader,P1,Gap,Screen 5 Tab 1: CAD Engine Status,GET /api/cad/status,Gap,Static
REQ-212,CAD-Core,Doc-08,Phase 5,B-rep (Boundary Representation) solid geometry modeling,3-Visualization,True solid model with topology (faces edges vertices),TopoDS_Shape data structure,OpenCascade kernel,P1,Gap,Screen 5 Tab 1: B-rep 3D Model,GET /api/designs/{id}/brep-geometry,Gap,Static
REQ-213,CAD-Import,Doc-08,Phase 13,STEP file import with geometry validation,3-Visualization,File upload + import progress + validation report,STEP AP203/AP214 parser,STEPCAFControl_Reader,P1,Gap,Screen 5 Tab 1: Import STEP Button,POST /api/cad/import/step,Gap,Both
REQ-214,CAD-Export,Doc-08,Phase 13,STEP file export with proper units and metadata,7-Export,STEP download with schema selection (AP203/AP214),TopoDS_Shape serialization,STEPCAFControl_Writer,P1,Gap,Screen 8: CAD Files - STEP Export,GET /api/export/{id}/step,Gap,Static
REQ-215,CAD-Import,Doc-08,Phase 13,IGES file import for legacy CAD compatibility,3-Visualization,IGES file upload + conversion status,IGES parser with tolerance handling,IGESControl_Reader,P2,Gap,Screen 5 Tab 1: Import IGES Button,POST /api/cad/import/iges,Gap,Both
REQ-216,CAD-Parametric,Doc-08,Phase 3,Parametric geometry updates with constraint solver,3-Visualization,Parameter sliders with live geometry update,Constraint equations + parameter values,Parametric engine,P1,Gap,Screen 5 Tab 1: Parametric Controls Panel,PUT /api/designs/{id}/parameters,Gap,Both
REQ-217,CAD-Dimensions,Doc-08,Phase 5,Precise dimension display with configurable tolerances,3-Visualization,Dimension annotations with tolerance callouts,GD&T data (nominal + upper/lower bounds),Measurement engine,P1,Gap,Screen 5 Tab 1: Dimension Annotations,GET /api/designs/{id}/dimensions,Gap,Static
REQ-218,CAD-Sections,Doc-08,Phase 6,Cross-section views with measurement on cut plane,3-Visualization,Section plane controls + 2D measurement tools,BRepAlgoAPI_Section output,Section generator,P1,Gap,Screen 5 Tab 1: Section View + Measurements,GET /api/designs/{id}/section,Gap,Static
REQ-219,CAD-Stress,Doc-08,Phase 7,Stress contour mapping on B-rep CAD geometry,5-Details,Color-mapped stress on actual CAD faces,Stress field + face topology mapping,Stress-to-geometry mapper,P1,Gap,Screen 5 Tab 2: CAD Stress Contours,GET /api/designs/{id}/cad-stress,Gap,Simulated
REQ-220,CAD-Assembly,Doc-08,Phase 5,Multi-body assembly visualization (liner + composite + bosses),3-Visualization,Assembly tree with show/hide/transparency per body,XDE document structure,Assembly manager,P1,Gap,Screen 5 Tab 1: Assembly Tree Panel,GET /api/designs/{id}/assembly,Gap,Static
REQ-221,CAD-Detail,Doc-08,Phase 6,Boss and fitting detail views with thread profiles,3-Visualization,Detail view windows with zoomed boss geometry,Boss thread specification + tolerances,Detail view generator,P1,Gap,Screen 5 Tab 1: Boss Detail Window,GET /api/designs/{id}/boss-detail,Gap,Static
REQ-222,CAD-Dome,Doc-08,Phase 3,Dome profile with isotensoid curve overlay and equation display,3-Visualization,2D profile view with mathematical curve overlay,Isotensoid coordinates + parameters,Dome profile generator,P1,Gap,Screen 5 Tab 1: Isotensoid Profile View,GET /api/designs/{id}/dome-profile,Gap,Static
REQ-223,CAD-Animation,Doc-08,Phase 5,Layer-by-layer composite buildup animation,3-Visualization,Animation player with layer timeline scrubber,Per-layer geometry sequence,Animation controller,P2,Gap,Screen 5 Tab 1: Buildup Animation Player,GET /api/designs/{id}/layer-animation,Gap,Static
REQ-224,CAD-Measure,Doc-08,Phase 6,Interactive measurement tools (distance angle radius curvature),3-Visualization,Measurement mode toolbar + click-to-measure,BRepGProp measurements,Measurement tool manager,P1,Gap,Screen 5 Tab 1: Measurement Toolbar,N/A (Frontend only),Gap,N/A
REQ-225,CAD-Camera,Doc-08,Phase 5,Professional camera controls (orbit pan zoom fit-all standard views),3-Visualization,Camera control toolbar + keyboard shortcuts + view cube,Camera matrix transforms,Camera controller,P1,Gap,Screen 5 Tab 1: Camera Controls + View Cube,N/A (Frontend only),Gap,N/A
REQ-226,CAD-Annotation,Doc-08,Phase 6,Annotation and markup capability with leader lines,3-Visualization,Annotation toolbar + text/arrow/dimension tools,Annotation layer data,Annotation manager,P2,Gap,Screen 5 Tab 1: Annotation Toolbar,POST /api/designs/{id}/annotations,Gap,Static
REQ-227,CAD-Export,Doc-08,Phase 13,Screenshot and export to PNG/PDF with configurable resolution,7-Export,Export dialog with format/resolution/background options,Rasterization settings,Export renderer,P1,Gap,Screen 8: Image Export - PNG/PDF,GET /api/export/{id}/image,Gap,Static
REQ-228,CAD-Performance,Doc-10,Targets,Performance: 60fps rendering with 100k+ triangles,3-Visualization,FPS counter + LOD controls,Tessellation parameters,WebGL renderer,P1,Gap,Screen 5 Tab 1: Performance Metrics,N/A (Frontend only),Gap,N/A
REQ-229,CAD-Mobile,Doc-08,Phase 5,Touch and mobile support for CAD viewer (pinch-zoom rotate),3-Visualization,Touch gesture handler + responsive layout,Touch event processing,Touch controller,P2,Gap,Screen 5 Tab 1: Mobile CAD Controls,N/A (Frontend only),Gap,N/A
REQ-230,CAD-A11y,Doc-08,Phase 5,Accessibility: keyboard navigation for 3D view,3-Visualization,Keyboard shortcuts + focus indicators + screen reader labels,A11y metadata,A11y controller,P2,Gap,Screen 5 Tab 1: Keyboard Navigation,N/A (Frontend only),Gap,N/A
REQ-231,Physics-Core,Doc-09,Appendix,Hoop stress calculation from first principles: σ_hoop = PR/t,5-Details,Hoop stress value with equation display,P (MPa) R (mm) t (mm) → σ_hoop (MPa),Physics engine,P1,Gap,Screen 5 Tab 6: Physics - Hoop Stress,GET /api/designs/{id}/stress,Gap,Simulated
REQ-232,Physics-Core,Doc-09,Appendix,Axial stress calculation from first principles: σ_axial = PR/2t,5-Details,Axial stress value with equation display,P (MPa) R (mm) t (mm) → σ_axial (MPa),Physics engine,P1,Gap,Screen 5 Tab 6: Physics - Axial Stress,GET /api/designs/{id}/stress,Gap,Simulated
REQ-233,Physics-Core,Doc-09,Appendix,Netting theory optimal angle: tan²α = 2 → α = 54.74°,5-Details,Optimal angle calculation with rationale,Stress ratio → optimal α (degrees),Physics engine,P1,Gap,Screen 5 Tab 6: Physics - Optimal Angle,GET /api/designs/{id}/geometry,Gap,Static
REQ-234,Physics-Core,Doc-09,Appendix,Isotensoid dome profile from ODE: dz/dr = -tan(α)×√(1-(r/r₀·sinα₀)²),Auto,Dome profile coordinates from ODE solver,α₀ r₀ → z(r) profile array,isotensoid_dome_generator,P1,Gap,Mock Server: Isotensoid ODE Solver,GET /api/designs/{id}/geometry,Gap,Static
REQ-235,Physics-Core,Doc-09,Appendix,Tsai-Wu failure index per layer: F₁σ₁+F₂σ₂+F₁₁σ₁²+F₂₂σ₂²+F₆₆τ₁₂²+2F₁₂σ₁σ₂<1,5-Details,Per-layer failure index with component breakdown,Layer stresses + F coefficients → FI,failure_mode_classifier,P1,Gap,Screen 5 Tab 3: Tsai-Wu Per-Layer,GET /api/designs/{id}/failure,Gap,Simulated
REQ-236,Physics-Core,Doc-09,1.4,Permeation rate from material properties: J = P×A×(p₁-p₂)/L,5-Details,Permeation flux with limit comparison,D S ΔP L → J vs 46 NmL/hr/L limit,Physics engine,P1,Gap,Screen 5 Tab 6: Permeation Calc,GET /api/designs/{id}/cost,Gap,Static
REQ-237,Physics-Core,Doc-09,Appendix,Fatigue life from S-N curve: N = C×(Δσ)^(-m) where m≈10-15,5-Details,Cycle life prediction with confidence,Δσ C m → N cycles vs 11000 requirement,Physics engine,P1,Gap,Screen 5 Tab 6: Fatigue Life,GET /api/designs/{id}/reliability,Gap,Simulated
REQ-238,Physics-Core,Doc-09,1.3,Stored energy calculation: E = PV×ln(P/P_atm)/(γ-1),5-Details,Stored energy in MJ with TNT equivalent,P V γ → E (MJ) and kg TNT equivalent,Physics engine,P1,Gap,Screen 5 Tab 6: Stored Energy,GET /api/designs/{id}/cost,Gap,Static
REQ-239,Physics-Core,Doc-09,Appendix,Monte Carlo reliability: P(failure) = (1/N)×Σ I(design fails),5-Details,Failure probability from N samples,Material/manufacturing distributions → P(fail),reliability_estimator,P1,Gap,Screen 5 Tab 5: MC Simulation,GET /api/designs/{id}/reliability,Gap,Simulated
REQ-240,Physics-Core,Doc-09,3.1,Classical Lamination Theory [A][B][D] matrices from ply properties,5-Details,ABD matrix display with effective moduli,Ply Qij + layup → ABD matrices,Physics engine,P1,Gap,Screen 5 Tab 6: CLT Matrices,GET /api/designs/{id}/geometry,Gap,Static
REQ-241,Physics-Core,Doc-09,Level 2,Burst pressure from progressive failure analysis,5-Details,Predicted burst with failure progression,Layup + materials → P_burst (bar),burst_surrogate,P1,Gap,Screen 5 Tab 3: Burst Prediction,GET /api/designs/{id}/failure,Gap,Simulated
REQ-242,Physics-Core,Doc-09,3.2,Weight from geometry and densities: W = ρ_liner×V_liner + ρ_composite×V_composite,5-Details,Weight breakdown by component,Geometry + ρ values → W (kg),Physics engine,P1,Gap,Screen 5 Tab 6: Weight Calc,GET /api/designs/{id}/cost,Gap,Static
REQ-243,Physics-Core,Doc-09,4.1,Cost from materials and manufacturing: Cost = Σ(mat_costs) + labor + overhead,5-Details,Cost breakdown with fiber dominance (47%),Material qty × unit cost → total cost,Cost model,P1,Gap,Screen 5 Tab 6: Cost Calc,GET /api/designs/{id}/cost,Gap,Static
REQ-244,Physics-Core,Doc-08,Phase 5,Thickness distribution from geodesic winding paths: t(z),5-Details,Thickness profile along dome axis,Geodesic paths → t(z) distribution,Winding simulator,P1,Gap,Screen 5 Tab 1: Thickness Profile,GET /api/designs/{id}/geometry,Gap,Static
REQ-245,Physics-Core,Doc-09,2.3,Safety factor decomposition: SF = SF_mat × SF_mfg × SF_analysis ≈ 2.0,5-Details,Component safety factors with combined,Individual SFs → combined SF vs 2.25,Physics engine,P1,Gap,Screen 5 Tab 5: SF Decomposition,GET /api/designs/{id}/reliability,Gap,Static
REQ-246,Physics-Core,Doc-09,2.2,Real material database with actual values (T700 T800 S2-glass),5-Details,Material properties table with real data,Material ID → E1 E2 G12 ν12 Xt Xc Yt Yc S,Material DB,P1,Gap,Mock Server: Real Material Data,GET /api/materials,Gap,Static
REQ-247,Physics-Core,Doc-08,Phase 9,Temperature-dependent material properties with degradation,5-Details,Property vs temperature charts,T range → E(T) σ(T) degradation,Material DB,P2,Gap,Screen 5 Tab 4: Temp-Dependent Props,GET /api/designs/{id}/thermal,Gap,Simulated
REQ-248,Physics-Core,Doc-09,1.1,Pressure-dependent H2 density using real gas equation,5-Details,H2 density at working pressure,P T → ρ_H2 (kg/m³) with compressibility,Physics engine,P1,Gap,Screen 5 Tab 6: H2 Density,GET /api/designs/{id}/cost,Gap,Static
REQ-249,Physics-Core,Doc-08,Phase 9,Thermal expansion mismatch stress: σ_thermal = E×Δα×ΔT,5-Details,Thermal stress at material interfaces,α_liner α_composite ΔT → σ_thermal,thermal_surrogate,P1,Gap,Screen 5 Tab 4: CTE Mismatch,GET /api/designs/{id}/thermal,Gap,Simulated
REQ-250,Physics-Core,Doc-09,1.5,Boss interface stress concentration: K_t = 2.0-3.5 analytical,5-Details,Boss SCF with geometric parameters,Boss geometry → K_t factor + peak stress,Physics engine,P1,Gap,Screen 5 Tab 2: Boss SCF,GET /api/designs/{id}/stress,Gap,Simulated
REQ-251,Multi-Domain,Doc-Moonshot,Architecture,Domain configuration schema defining workflow and backends per domain,0-Configuration,Domain configuration editor (admin),Domain JSON schema per domain,Domain registry service,P1,Gap,Admin: Domain Configuration,GET /api/domains/{domain}/config,Gap,Static
REQ-252,Multi-Domain,Doc-Moonshot,Architecture,Backend adapter interface - abstract contract all backends must implement,0-Configuration,N/A (Backend contract),OpenAPI adapter specification,Adapter interface validator,P1,Gap,N/A (Contract definition),GET /api/adapters/{adapter}/schema,Gap,N/A
REQ-253,Multi-Domain,Doc-Moonshot,Architecture,Domain switching without code changes via configuration,0-Configuration,Domain selector dropdown in header,Current domain ID + available domains list,Domain router,P1,Gap,Global: Domain Selector,GET /api/domains,Gap,Static
REQ-254,Multi-Domain,Doc-Moonshot,Architecture,Shared component library reusable across all engineering domains,All,React component library (charts tables 3D viewers forms),Component documentation,N/A (Frontend only),P1,Gap,All Screens: Shared Components,N/A (Frontend only),Gap,N/A
REQ-255,Multi-Domain,Doc-Moonshot,Architecture,Generic workflow engine with configurable domain-specific steps,All,Workflow stepper with dynamic steps per domain,Workflow definition per domain,Workflow engine,P1,Gap,Global: Dynamic Workflow Stepper,GET /api/domains/{domain}/workflow,Gap,Static
REQ-256,Multi-Domain,Doc-Moonshot,Architecture,Pluggable optimization objectives per domain,4-Optimization,Objective selector based on domain config,Objective definitions per domain,Optimization objective registry,P1,Gap,Screen 3: Dynamic Objective Selection,GET /api/domains/{domain}/objectives,Gap,Static
REQ-257,Multi-Domain,Doc-Moonshot,Architecture,Configurable constraint types per domain with validation,1-Requirements,Dynamic constraint input forms,Constraint schema per domain,Constraint validator,P1,Gap,Screen 1: Domain-Specific Constraints,GET /api/domains/{domain}/constraints,Gap,Static
REQ-258,Multi-Domain,Doc-Moonshot,Architecture,Domain-specific terminology mapping (pressure vs load vs force),All,Terminology dictionary per domain,Term mapping JSON,N/A (Frontend only),P1,Gap,All Screens: Localized Terminology,GET /api/domains/{domain}/terminology,Gap,Static
REQ-259,Multi-Domain,Doc-Moonshot,Architecture,Generic 3D viewer accepting any CAD geometry format,3-Visualization,Universal viewer with geometry loader abstraction,Geometry data in standard format,Geometry adapter,P1,Gap,Screen 5 Tab 1: Universal 3D Viewer,GET /api/designs/{id}/geometry?format=universal,Gap,Static
REQ-260,Multi-Domain,Doc-Moonshot,Architecture,Reusable Pareto visualization for any multi-objective problem,4-Results,Generic Pareto chart with dynamic axis configuration,Pareto data with objective metadata,N/A (Frontend only),P1,Gap,Screen 4: Universal Pareto Explorer,GET /api/optimization/{id}/results,Gap,Static
REQ-261,Multi-Domain,Doc-Moonshot,Architecture,Domain-agnostic reliability/Monte Carlo interface,5-Details,Monte Carlo results panel with domain-specific parameters,Distribution data and sensitivity coefficients,Reliability engine interface,P1,Gap,Screen 5 Tab 5: Universal Reliability,GET /api/designs/{id}/reliability,Gap,Simulated
REQ-262,Multi-Domain,Doc-Moonshot,Architecture,Generic compliance checker with swappable standards databases,4-Results,Compliance panel with domain-specific standards,Standards database per domain,Standards checker interface,P1,Gap,Screen 4: Universal Compliance,GET /api/designs/{id}/compliance?domain={domain},Gap,Static
REQ-263,Multi-Domain,Doc-Moonshot,Architecture,Multi-domain export templates for domain-specific outputs,7-Export,Export configuration with domain template selection,Export template definitions per domain,Export generator interface,P1,Gap,Screen 8: Domain Export Templates,POST /api/export?domain={domain},Gap,Static
REQ-264,Multi-Domain,Doc-Moonshot,Architecture,Domain health check API validating backend compatibility,0-Configuration,Health status dashboard for administrators,Backend capability matrix,Health check service,P1,Gap,Admin: Domain Health Dashboard,GET /api/domains/{domain}/health,Gap,Static
REQ-265,Multi-Domain,Doc-Moonshot,Architecture,Feature flags for domain-specific capabilities,0-Configuration,Feature flag indicators in UI,Feature flag registry per domain,Feature flag service,P2,Gap,Global: Feature Availability,GET /api/domains/{domain}/features,Gap,Static
REQ-266,Multi-Domain,Doc-Moonshot,Architecture,Domain onboarding documentation generator,0-Configuration,Documentation preview panel,Domain config + template,Doc generator,P2,Gap,Admin: Domain Documentation,POST /api/domains/{domain}/docs/generate,Gap,Static
REQ-267,Multi-Domain,Doc-Moonshot,Architecture,API versioning for backward compatibility,0-Configuration,API version indicator in responses,Version metadata per endpoint,Version router,P1,Gap,Global: API Version Header,All endpoints with version prefix,Gap,N/A
REQ-268,Multi-Domain,Doc-Moonshot,Architecture,Domain analytics and usage tracking,0-Configuration,Analytics dashboard for domain usage,Usage metrics per domain,Analytics service,P2,Gap,Admin: Domain Analytics,GET /api/analytics/domains/{domain},Gap,Static
REQ-269,Multi-Domain,Doc-Moonshot,Architecture,Multi-tenant domain isolation for data separation,0-Configuration,Tenant context indicator,Tenant ID in all requests,Tenant isolation service,P2,Gap,Global: Tenant Badge,All endpoints with tenant header,Gap,N/A
REQ-270,Multi-Domain,Doc-Moonshot,Architecture,Domain marketplace for community backends,0-Configuration,Marketplace browser UI,Domain registry with metadata,Marketplace service,P3,Gap,Admin: Domain Marketplace,GET /api/marketplace/domains,Gap,Static
REQ-271,UI-DesignSystem,Doc-UX,Design System,Enterprise design system with consistent design tokens,All,Token-based theming with CSS variables,Design token configuration,Frontend config,P1,Gap,Global: Design Token System,N/A (Frontend only),Gap,N/A
REQ-272,UI-DesignSystem,Doc-UX,Design System,Professional color palette for engineering software,All,Dark theme with accent colors for data,Color palette specification,Frontend config,P1,Gap,Global: Color System,N/A (Frontend only),Gap,N/A
REQ-273,UI-DesignSystem,Doc-UX,Design System,Typography hierarchy for technical data (monospace for values),All,Font scale with technical data fonts,Typography configuration,Frontend config,P1,Gap,Global: Typography System,N/A (Frontend only),Gap,N/A
REQ-274,UI-DesignSystem,Doc-UX,Design System,Engineering-specific icon library (tank dome fiber valve),All,Custom SVG icon set,Icon assets,Frontend assets,P1,Gap,Global: Icon Library,N/A (Frontend only),Gap,N/A
REQ-275,UI-DesignSystem,Doc-UX,Design System,Component library documentation with Storybook,All,Storybook instance with all components,Component documentation,Frontend tooling,P2,Gap,Global: Storybook Docs,N/A (Frontend only),Gap,N/A
REQ-276,UI-Accessibility,Doc-UX,WCAG 2.1,WCAG 2.1 AA compliance for all interactive elements,All,Accessible components with ARIA labels,Accessibility audit results,Frontend testing,P1,Gap,Global: WCAG AA Compliance,N/A (Frontend only),Gap,N/A
REQ-277,UI-Accessibility,Doc-UX,WCAG 2.1,Complete keyboard navigation for all functionality,All,Focus management and tab order,Keyboard navigation map,Frontend config,P1,Gap,Global: Keyboard Navigation,N/A (Frontend only),Gap,N/A
REQ-278,UI-Accessibility,Doc-UX,WCAG 2.1,Screen reader support for charts and 3D visualizations,3-Visualization,ARIA descriptions for visual content,Alternative text content,Frontend code,P1,Gap,Screen 5: Chart/3D Accessibility,N/A (Frontend only),Gap,N/A
REQ-279,UI-Accessibility,Doc-UX,WCAG 2.1,High contrast mode toggle for visual impairment,All,Alternative high contrast theme,Contrast mode configuration,Frontend config,P2,Gap,Global: High Contrast Mode,N/A (Frontend only),Gap,N/A
REQ-280,UI-Accessibility,Doc-UX,WCAG 2.1,Reduced motion mode respecting prefers-reduced-motion,All,Animation disable option,Motion preference detection,Frontend config,P2,Gap,Global: Reduced Motion Support,N/A (Frontend only),Gap,N/A
REQ-281,UI-Responsive,Doc-UX,Responsive,Responsive breakpoints for desktop (1920px) and tablet (1024px),All,CSS Grid/Flexbox layouts,Breakpoint definitions,Frontend config,P1,Gap,Global: Responsive Breakpoints,N/A (Frontend only),Gap,N/A
REQ-282,UI-Performance,Doc-UX,Performance,Lazy loading for heavy 3D and chart components,3-Visualization,React.lazy with Suspense,Dynamic import configuration,Frontend code,P1,Gap,Screen 5: Lazy Load Heavy Components,N/A (Frontend only),Gap,N/A
REQ-283,UI-Performance,Doc-UX,Performance,Code splitting per route with dynamic imports,All,Route-based chunking,Webpack/Vite split configuration,Frontend tooling,P1,Gap,Global: Route Code Splitting,N/A (Frontend only),Gap,N/A
REQ-284,UI-Performance,Doc-UX,Performance,Initial page load time under 3 seconds,All,Bundle optimization and caching,Performance metrics,Frontend testing,P1,Gap,Global: <3s Load Time,N/A (Frontend only),Gap,N/A
REQ-285,UI-Performance,Doc-UX,Performance,Interaction response time under 100ms,All,Optimistic updates and debouncing,Interaction timing metrics,Frontend code,P1,Gap,Global: <100ms Response,N/A (Frontend only),Gap,N/A
REQ-286,UI-DataViz,Doc-UX,Data Visualization,Professional chart library integration (Recharts/D3),5-Details,Recharts/D3 components,Chart configuration,Frontend code,P1,Gap,Screen 5: Professional Charts,N/A (Frontend only),Gap,N/A
REQ-287,UI-DataViz,Doc-UX,Data Visualization,Engineering notation support (scientific SI units),5-Details,Number formatting utilities,Unit conversion functions,Frontend code,P1,Gap,Screen 5: Engineering Units Display,N/A (Frontend only),Gap,N/A
REQ-288,UI-DataViz,Doc-UX,Data Visualization,Interactive tooltips with precise values and units,5-Details,Custom tooltip components,Tooltip content formatting,Frontend code,P1,Gap,Screen 5: Precision Tooltips,N/A (Frontend only),Gap,N/A
REQ-289,UI-DataViz,Doc-UX,Data Visualization,Export charts to PNG SVG and PDF formats,5-Details,Chart export buttons,Export functionality,Frontend code,P2,Gap,Screen 5: Chart Export Options,N/A (Frontend only),Gap,N/A
REQ-290,UI-DataViz,Doc-UX,Data Visualization,Synchronized highlighting across visualization views,5-Details,Shared hover state management,Cross-component state,Frontend code,P1,Gap,Screen 5: Linked Highlighting,N/A (Frontend only),Gap,N/A
REQ-291,UI-ErrorHandling,Doc-UX,Error Handling,Graceful error boundaries preventing app crashes,All,React Error Boundary components,Error boundary configuration,Frontend code,P1,Gap,Global: Error Boundaries,N/A (Frontend only),Gap,N/A
REQ-292,UI-ErrorHandling,Doc-UX,Error Handling,Offline capability indicators showing connection status,All,Network status banner,Connection state detection,Frontend code,P2,Gap,Global: Offline Indicator,N/A (Frontend only),Gap,N/A
REQ-293,UI-ErrorHandling,Doc-UX,Error Handling,Auto-retry failed API requests with exponential backoff,All,Retry logic in API client,Retry configuration,Frontend code,P1,Gap,Global: Auto-Retry Logic,N/A (Frontend only),Gap,N/A
REQ-294,UI-ErrorHandling,Doc-UX,Error Handling,User-friendly error messages with expandable technical details,All,Error toast/modal components,Error message templates,Frontend code,P1,Gap,Global: Error Messages,N/A (Frontend only),Gap,N/A
REQ-295,UI-ErrorHandling,Doc-UX,Error Handling,Recovery suggestions and retry actions in error states,All,Action buttons in error displays,Recovery action handlers,Frontend code,P1,Gap,Global: Recovery Suggestions,N/A (Frontend only),Gap,N/A
REQ-296,UI-Professional,Doc-UX,Professional Features,Undo/redo capability for user configuration actions,All,Command pattern state management,Action history stack,Frontend code,P1,Gap,Global: Undo/Redo System,N/A (Frontend only),Gap,N/A
REQ-297,UI-Professional,Doc-UX,Professional Features,Auto-save with conflict resolution for concurrent edits,All,Debounced save with version checking,Save state and conflict detection,Frontend code,P2,Gap,Global: Auto-Save System,N/A (Frontend only),Gap,N/A
REQ-298,UI-Professional,Doc-UX,Professional Features,Session persistence across browser tabs with sync,All,SharedWorker or localStorage sync,Cross-tab state management,Frontend code,P2,Gap,Global: Cross-Tab Sync,N/A (Frontend only),Gap,N/A
REQ-299,UI-Professional,Doc-UX,Professional Features,Keyboard shortcuts for power users with customization,All,Keyboard shortcut system,Shortcut configuration map,Frontend code,P1,Gap,Global: Keyboard Shortcuts,N/A (Frontend only),Gap,N/A
REQ-300,UI-Professional,Doc-UX,Professional Features,Context-sensitive help system with inline tooltips,All,Help tooltip and panel components,Help content database,Frontend code,P1,Gap,Global: Help System,N/A (Frontend only),Gap,N/A
REQ-301,Backend-Rust,Doc-ProSWARM,Architecture,Rust backend with Axum web framework for API server,Backend,N/A (Server),HTTP request handling,Axum server,P1,Gap,N/A,All API endpoints,Gap,N/A
REQ-302,Backend-Rust,Doc-ProSWARM,Architecture,Async runtime with Tokio for concurrent request handling,Backend,N/A (Server),Async task execution,Tokio runtime,P1,Gap,N/A,All API endpoints,Gap,N/A
REQ-303,Backend-Rust,Doc-ProSWARM,Architecture,JSON serialization/deserialization with Serde,Backend,N/A (Server),JSON parsing and generation,Serde,P1,Gap,N/A,All API endpoints,Gap,N/A
REQ-304,Backend-Rust,Doc-ProSWARM,Architecture,OpenAPI schema generation from Rust types,Backend,N/A (Server),API documentation,utoipa/paperclip,P1,Gap,N/A,GET /api/openapi.json,Gap,N/A
REQ-305,Backend-Rust,Doc-ProSWARM,Architecture,CORS configuration for frontend cross-origin requests,Backend,N/A (Server),CORS headers,tower-http CORS,P1,Gap,N/A,All API endpoints,Gap,N/A
REQ-306,Backend-Rust,Doc-ProSWARM,Architecture,Health check endpoint for container orchestration,Backend,N/A (Server),Health status JSON,Health check handler,P1,Gap,N/A,GET /api/health,Gap,N/A
REQ-307,Backend-Rust,Doc-ProSWARM,Architecture,Structured logging with tracing for observability,Backend,N/A (Server),Log aggregation,tracing + tracing-subscriber,P1,Gap,N/A,All operations,Gap,N/A
REQ-308,Backend-Rust,Doc-ProSWARM,Architecture,Error handling with typed error responses,Backend,N/A (Server),Error JSON schema,thiserror + anyhow,P1,Gap,N/A,All API endpoints,Gap,N/A
REQ-309,Backend-Rust,Doc-ProSWARM,Architecture,Configuration management with environment variables,Backend,N/A (Server),Config struct,config-rs,P1,Gap,N/A,N/A (Startup),Gap,N/A
REQ-310,Backend-Rust,Doc-ProSWARM,Architecture,Graceful shutdown handling for Cloud Run,Backend,N/A (Server),Shutdown signal handling,tokio::signal,P1,Gap,N/A,N/A (Lifecycle),Gap,N/A
REQ-311,CAD-Truck,Doc-ProSWARM,CAD Kernel,Truck CAD kernel integration for B-rep solid modeling,Backend,N/A (Server),TopoDS equivalent,truck-topology,P1,Gap,N/A,CAD operations,Gap,N/A
REQ-312,CAD-Truck,Doc-ProSWARM,CAD Kernel,NURBS surface generation for dome geometry,Backend,N/A (Server),NURBS surface data,truck-geometry,P1,Gap,N/A,GET /api/designs/{id}/geometry,Gap,N/A
REQ-313,CAD-Truck,Doc-ProSWARM,CAD Kernel,STEP file import (ISO 10303-21 AP203/AP214),Backend,N/A (Server),STEP parser output,truck-stepio,P1,Gap,N/A,POST /api/cad/import/step,Gap,N/A
REQ-314,CAD-Truck,Doc-ProSWARM,CAD Kernel,STEP file export with proper schema and units,Backend,N/A (Server),STEP file bytes,truck-stepio,P1,Gap,N/A,GET /api/export/{id}/step,Gap,N/A
REQ-315,CAD-Truck,Doc-ProSWARM,CAD Kernel,Boolean operations (union difference intersection),Backend,N/A (Server),Combined solid,truck-shapeops,P1,Gap,N/A,Internal CAD ops,Gap,N/A
REQ-316,CAD-Truck,Doc-ProSWARM,CAD Kernel,Tessellation to triangle mesh for visualization,Backend,N/A (Server),Vertices indices normals,truck-meshalgo,P1,Gap,N/A,GET /api/designs/{id}/mesh,Gap,N/A
REQ-317,CAD-Truck,Doc-ProSWARM,CAD Kernel,Isotensoid dome solid from profile revolution,Backend,N/A (Server),Revolved solid,truck-modeling,P1,Gap,N/A,Dome generation,Gap,N/A
REQ-318,CAD-Truck,Doc-ProSWARM,CAD Kernel,Cylindrical shell solid for tank body,Backend,N/A (Server),Cylindrical solid,truck-modeling,P1,Gap,N/A,Body generation,Gap,N/A
REQ-319,CAD-Truck,Doc-ProSWARM,CAD Kernel,Boss geometry with threaded interface,Backend,N/A (Server),Boss solid,truck-modeling,P1,Gap,N/A,Boss generation,Gap,N/A
REQ-320,CAD-Truck,Doc-ProSWARM,CAD Kernel,Multi-body assembly (liner + composite + boss),Backend,N/A (Server),Assembly structure,truck-topology,P1,Gap,N/A,GET /api/designs/{id}/assembly,Gap,N/A
REQ-321,CAD-Truck,Doc-ProSWARM,CAD Kernel,Section plane cutting for cross-section views,Backend,N/A (Server),Section curves,truck-shapeops,P1,Gap,N/A,GET /api/designs/{id}/section,Gap,N/A
REQ-322,CAD-Truck,Doc-ProSWARM,CAD Kernel,Measurement tools (distance angle volume area),Backend,N/A (Server),Measurement values,truck-geometry,P1,Gap,N/A,GET /api/designs/{id}/measurements,Gap,N/A
REQ-323,CAD-Truck,Doc-ProSWARM,CAD Kernel,Parametric geometry updates with constraint solving,Backend,N/A (Server),Updated geometry,truck-modeling,P1,Gap,N/A,PUT /api/designs/{id}/parameters,Gap,N/A
REQ-324,CAD-Truck,Doc-ProSWARM,CAD Kernel,Per-layer composite geometry generation,Backend,N/A (Server),Layer solids array,truck-modeling,P1,Gap,N/A,Layup visualization,Gap,N/A
REQ-325,CAD-Truck,Doc-ProSWARM,CAD Kernel,Geometry caching for repeated access,Backend,N/A (Server),Cached geometry,In-memory cache,P2,Gap,N/A,Performance optimization,Gap,N/A
REQ-326,ONNX-Neural,Doc-ProSWARM,Neural Models,ONNX runtime integration for neural model inference,Backend,N/A (Server),Model predictions,ort (ONNX Runtime),P1,Gap,N/A,All surrogate calls,Gap,N/A
REQ-327,ONNX-Neural,Doc-ProSWARM,Neural Models,Tank type router model: constraints → {I II III IV V},Backend,N/A (Server),Tank type + confidence,tank_type_router.onnx (~15KB),P1,Gap,N/A,POST /api/tank-type/recommend,Gap,N/A
REQ-328,ONNX-Neural,Doc-ProSWARM,Neural Models,Workflow selector model: type + application → workflow_id,Backend,N/A (Server),Workflow ID,workflow_selector.onnx (~12KB),P1,Gap,N/A,Internal routing,Gap,N/A
REQ-329,ONNX-Neural,Doc-ProSWARM,Neural Models,Material router model: constraints → fiber + matrix + liner,Backend,N/A (Server),Material selection,material_router.onnx (~20KB),P1,Gap,N/A,POST /api/materials/recommend,Gap,N/A
REQ-330,ONNX-Neural,Doc-ProSWARM,Neural Models,Fidelity router model: requirements → analysis_level,Backend,N/A (Server),Fidelity level,fidelity_router.onnx (~10KB),P2,Gap,N/A,Internal routing,Gap,N/A
REQ-331,ONNX-Neural,Doc-ProSWARM,Neural Models,Standards router model: application + region → standards[],Backend,N/A (Server),Applicable standards,standards_router.onnx (~15KB),P1,Gap,N/A,POST /api/requirements/parse,Gap,N/A
REQ-332,ONNX-Neural,Doc-ProSWARM,Neural Models,Burst pressure surrogate: 20 params → burst_bar,Backend,N/A (Server),Burst pressure (bar),burst_surrogate.onnx (~50KB),P1,Gap,N/A,Optimization loop,Gap,N/A
REQ-333,ONNX-Neural,Doc-ProSWARM,Neural Models,Weight surrogate: 20 params → mass_kg,Backend,N/A (Server),Mass (kg),weight_surrogate.onnx (~30KB),P1,Gap,N/A,Optimization loop,Gap,N/A
REQ-334,ONNX-Neural,Doc-ProSWARM,Neural Models,Stress surrogate: 20 params → max_stress + location,Backend,N/A (Server),Stress + coordinates,stress_surrogate.onnx (~80KB),P1,Gap,N/A,GET /api/designs/{id}/stress,Gap,N/A
REQ-335,ONNX-Neural,Doc-ProSWARM,Neural Models,Failure mode surrogate: 20 params → mode classification,Backend,N/A (Server),Failure mode enum,failure_mode_surrogate.onnx (~25KB),P1,Gap,N/A,GET /api/designs/{id}/failure,Gap,N/A
REQ-336,ONNX-Neural,Doc-ProSWARM,Neural Models,Fatigue life surrogate: 20 params → cycles_to_failure,Backend,N/A (Server),Fatigue life (cycles),fatigue_surrogate.onnx (~50KB),P1,Gap,N/A,GET /api/designs/{id}/reliability,Gap,N/A
REQ-337,ONNX-Neural,Doc-ProSWARM,Neural Models,Thermal surrogate: 20 params → peak_temp + thermal_stress,Backend,N/A (Server),Temperature + stress,thermal_surrogate.onnx (~40KB),P2,Gap,N/A,GET /api/designs/{id}/thermal,Gap,N/A
REQ-338,ONNX-Neural,Doc-ProSWARM,Neural Models,Model accuracy tracking: R² > 0.95 per surrogate,Backend,N/A (Server),Accuracy metrics,Model metadata,P1,Gap,N/A,GET /api/models/accuracy,Gap,N/A
REQ-339,ONNX-Neural,Doc-ProSWARM,Neural Models,Model versioning for surrogate updates,Backend,N/A (Server),Version metadata,Model registry,P2,Gap,N/A,GET /api/models/versions,Gap,N/A
REQ-340,ONNX-Neural,Doc-ProSWARM,Neural Models,Batch inference for optimization (1000+ per call),Backend,N/A (Server),Batch predictions,Batched ONNX inference,P1,Gap,N/A,Optimization loop,Gap,N/A
REQ-341,ProSWARM,Doc-ProSWARM,Orchestration,ProSWARM MCP server integration for task orchestration,Backend,N/A (Server),Task decomposition,ProSWARM MCP client,P1,Gap,N/A,All complex tasks,Gap,N/A
REQ-342,ProSWARM,Doc-ProSWARM,Orchestration,Neural task routing (<1ms latency),Backend,N/A (Server),Task routing decision,Neural router,P1,Gap,N/A,Request handling,Gap,N/A
REQ-343,ProSWARM,Doc-ProSWARM,Orchestration,Workflow selection from task classification,Backend,N/A (Server),Selected workflow ID,Workflow selector,P1,Gap,N/A,Internal routing,Gap,N/A
REQ-344,ProSWARM,Doc-ProSWARM,Orchestration,Shared memory for agent data exchange,Backend,N/A (Server),Key-value store,Memory service,P1,Gap,N/A,Agent coordination,Gap,N/A
REQ-345,ProSWARM,Doc-ProSWARM,Orchestration,Subtask status tracking and updates,Backend,N/A (Server),Status updates,Task state machine,P1,Gap,N/A,Progress tracking,Gap,N/A
REQ-346,ProSWARM,Doc-ProSWARM,Orchestration,Parallel subtask execution where possible,Backend,N/A (Server),Concurrent execution,Tokio spawn,P1,Gap,N/A,Performance optimization,Gap,N/A
REQ-347,ProSWARM,Doc-ProSWARM,Orchestration,Task timeout handling (60 second sessions),Backend,N/A (Server),Timeout errors,Timeout wrapper,P1,Gap,N/A,Error handling,Gap,N/A
REQ-348,ProSWARM,Doc-ProSWARM,Orchestration,Re-orchestration on task continuation,Backend,N/A (Server),New orchestration,Re-init capability,P1,Gap,N/A,Session management,Gap,N/A
REQ-349,ProSWARM,Doc-ProSWARM,Orchestration,Model statistics tracking (usage latency confidence),Backend,N/A (Server),Performance metrics,Stats collector,P2,Gap,N/A,GET /api/proswarm/stats,Gap,N/A
REQ-350,ProSWARM,Doc-ProSWARM,Orchestration,70+ specialized neural models available,Backend,N/A (Server),Model inventory,Model registry,P1,Gap,N/A,Model selection,Gap,N/A
REQ-351,Workflow,Doc-ProSWARM,Engineering,H2 tank Type IV automotive workflow definition,Backend,N/A (Server),Workflow steps array,Workflow registry,P1,Gap,N/A,h2_tank_type_iv_automotive,Gap,N/A
REQ-352,Workflow,Doc-ProSWARM,Engineering,Isotensoid dome generator step (equations only),Backend,N/A (Server),Dome coordinates,isotensoid_dome_generator fn,P1,Gap,N/A,Workflow step 1,Gap,N/A
REQ-353,Workflow,Doc-ProSWARM,Engineering,Netting theory initial sizing step,Backend,N/A (Server),Initial layup,netting_theory_sizing fn,P1,Gap,N/A,Workflow step 2,Gap,N/A
REQ-354,Workflow,Doc-ProSWARM,Engineering,NSGA-II multi-objective optimization with surrogates,Backend,N/A (Server),Pareto frontier,nsga2_with_surrogates fn,P1,Gap,N/A,Workflow step 3,Gap,N/A
REQ-355,Workflow,Doc-ProSWARM,Engineering,500K+ design evaluations per optimization run,Backend,N/A (Server),Evaluation count,Batch surrogate inference,P1,Gap,N/A,Optimization loop,Gap,N/A
REQ-356,Workflow,Doc-ProSWARM,Engineering,Monte Carlo reliability analysis (1M samples),Backend,N/A (Server),P(failure) distribution,monte_carlo_analysis fn,P1,Gap,N/A,Workflow step 4,Gap,N/A
REQ-357,Workflow,Doc-ProSWARM,Engineering,Standards compliance rule engine,Backend,N/A (Server),Compliance status,check_standards fn,P1,Gap,N/A,Workflow step 5,Gap,N/A
REQ-358,Workflow,Doc-ProSWARM,Engineering,Deterministic workflow execution (no LLM in loop),Backend,N/A (Server),Predictable output,Fixed step sequence,P1,Gap,N/A,All workflows,Gap,N/A
REQ-359,Workflow,Doc-ProSWARM,Engineering,Requirements to Pareto under 60 seconds total,Backend,N/A (Server),Execution time,Performance target,P1,Gap,N/A,End-to-end,Gap,N/A
REQ-360,Workflow,Doc-ProSWARM,Engineering,Workflow step timing instrumentation,Backend,N/A (Server),Step durations,Timing middleware,P2,Gap,N/A,Performance monitoring,Gap,N/A
REQ-361,LLM-Edge,Doc-ProSWARM,LLM Integration,Claude API integration for NL requirement parsing,Backend,N/A (Server),Structured requirements,Claude API client,P1,Gap,N/A,POST /api/requirements/parse,Gap,N/A
REQ-362,LLM-Edge,Doc-ProSWARM,LLM Integration,Prompt engineering for requirement extraction,Backend,N/A (Server),Extraction prompts,Prompt templates,P1,Gap,N/A,NL parsing,Gap,N/A
REQ-363,LLM-Edge,Doc-ProSWARM,LLM Integration,Structured output parsing with JSON schema validation,Backend,N/A (Server),Validated JSON,Schema validator,P1,Gap,N/A,Response processing,Gap,N/A
REQ-364,LLM-Edge,Doc-ProSWARM,LLM Integration,Explanation generation from structured results,Backend,N/A (Server),Natural language text,Claude explanation call,P1,Gap,N/A,POST /api/explain,Gap,N/A
REQ-365,LLM-Edge,Doc-ProSWARM,LLM Integration,LLM at edges only principle (not in optimization loop),Backend,N/A (Server),Architectural constraint,Design principle,P1,Gap,N/A,All workflows,Gap,N/A
REQ-366,LLM-Edge,Doc-ProSWARM,LLM Integration,Clarification question generation for ambiguous inputs,Backend,N/A (Server),Question array,Clarification prompt,P2,Gap,N/A,POST /api/requirements/parse,Gap,N/A
REQ-367,LLM-Edge,Doc-ProSWARM,LLM Integration,LLM token usage tracking and cost estimation,Backend,N/A (Server),Usage metrics,Token counter,P2,Gap,N/A,GET /api/usage/llm,Gap,N/A
REQ-368,LLM-Edge,Doc-ProSWARM,LLM Integration,Fallback to GPT-4 if Claude unavailable,Backend,N/A (Server),Provider fallback,Multi-provider client,P2,Gap,N/A,LLM calls,Gap,N/A
REQ-369,Deploy,Doc-ProSWARM,Deployment,Docker container image for Cloud Run deployment,Backend,N/A (Server),Container image,Dockerfile,P1,Gap,N/A,Deployment artifact,Gap,N/A
REQ-370,Deploy,Doc-ProSWARM,Deployment,Single binary deployment (Rust compiled),Backend,N/A (Server),Executable binary,cargo build --release,P1,Gap,N/A,Deployment artifact,Gap,N/A
REQ-371,Deploy,Doc-ProSWARM,Deployment,Cloud Run autoscaling configuration,Backend,N/A (Server),Scaling config,cloud-run.yaml,P1,Gap,N/A,Infrastructure,Gap,N/A
REQ-372,Deploy,Doc-ProSWARM,Deployment,Environment-based configuration (dev/staging/prod),Backend,N/A (Server),Config profiles,Environment vars,P1,Gap,N/A,Deployment config,Gap,N/A
REQ-373,Deploy,Doc-ProSWARM,Deployment,Secret management for API keys,Backend,N/A (Server),Secret injection,GCP Secret Manager,P1,Gap,N/A,Security,Gap,N/A
REQ-374,Deploy,Doc-ProSWARM,Deployment,CI/CD pipeline for automated deployment,Backend,N/A (Server),Pipeline config,GitHub Actions,P1,Gap,N/A,DevOps,Gap,N/A
REQ-375,Deploy,Doc-ProSWARM,Deployment,Blue-green deployment for zero downtime,Backend,N/A (Server),Deployment strategy,Cloud Run revisions,P2,Gap,N/A,Infrastructure,Gap,N/A
REQ-376,Physics-Rust,Doc-ProSWARM,Physics Engine,Nalgebra for linear algebra operations,Backend,N/A (Server),Matrix/vector ops,nalgebra crate,P1,Gap,N/A,All calculations,Gap,N/A
REQ-377,Physics-Rust,Doc-ProSWARM,Physics Engine,ndarray for multi-dimensional arrays,Backend,N/A (Server),Array operations,ndarray crate,P1,Gap,N/A,Surrogate inputs,Gap,N/A
REQ-378,Physics-Rust,Doc-ProSWARM,Physics Engine,argmin for optimization algorithms (NSGA-II),Backend,N/A (Server),Optimization solver,argmin crate,P1,Gap,N/A,Optimization loop,Gap,N/A
REQ-379,Physics-Rust,Doc-ProSWARM,Physics Engine,rayon for parallel iteration in Monte Carlo,Backend,N/A (Server),Parallel sampling,rayon crate,P1,Gap,N/A,Reliability analysis,Gap,N/A
REQ-380,Physics-Rust,Doc-ProSWARM,Physics Engine,Isotensoid ODE solver implementation,Backend,N/A (Server),z(r) coordinates,ODE integrator,P1,Gap,N/A,Dome generation,Gap,N/A
REQ-381,Export-Package,Doc-ProSWARM,Deliverables,Design Export Package ZIP generation containing all deliverables,Backend,N/A (Server),ZIP archive bytes,zip crate,P1,Gap,N/A,GET /api/export/{id}/package,Gap,N/A
REQ-382,Export-Package,Doc-ProSWARM,Deliverables,Executive summary PDF with key metrics and visualizations,Backend,N/A (Server),PDF document,genpdf/printpdf crate,P1,Gap,N/A,summary.pdf in package,Gap,N/A
REQ-383,Export-Package,Doc-ProSWARM,Deliverables,3D visualization export as GLTF/GLB with materials,Backend,N/A (Server),GLTF binary,gltf crate + truck-meshalgo,P1,Gap,N/A,geometry/tank.glb,Gap,N/A
REQ-384,Export-Package,Doc-ProSWARM,Deliverables,2D cross-section drawings as SVG with dimensions,Backend,N/A (Server),SVG markup,svg crate + truck-shapeops,P1,Gap,N/A,geometry/cross_section.svg,Gap,N/A
REQ-385,Export-Package,Doc-ProSWARM,Deliverables,Key dimensions JSON with all geometric parameters,Backend,N/A (Server),JSON document,serde_json,P1,Gap,N/A,geometry/dimensions.json,Gap,N/A
REQ-386,Export-Package,Doc-ProSWARM,Deliverables,Stress contour data as VTK with nodal stress values,Backend,N/A (Server),VTK file,truck VTK export,P1,Gap,N/A,analysis/stress_contours.vtk,Gap,N/A
REQ-387,Export-Package,Doc-ProSWARM,Deliverables,Failure mode analysis JSON with mode and probability,Backend,N/A (Server),JSON document,serde_json,P1,Gap,N/A,analysis/failure_modes.json,Gap,N/A
REQ-388,Export-Package,Doc-ProSWARM,Deliverables,Reliability analysis JSON with Monte Carlo results,Backend,N/A (Server),JSON document,serde_json,P1,Gap,N/A,analysis/reliability.json,Gap,N/A
REQ-389,Export-Package,Doc-ProSWARM,Deliverables,Layup sequence CSV with layer-by-layer specifications,Backend,N/A (Server),CSV file,csv crate,P1,Gap,N/A,manufacturing/layup_sequence.csv,Gap,N/A
REQ-390,Export-Package,Doc-ProSWARM,Deliverables,Filament winding program with fiber paths and tensions,Backend,N/A (Server),Winding program file,Custom format,P1,Gap,N/A,manufacturing/winding_program.txt,Gap,N/A
REQ-391,Export-Package,Doc-ProSWARM,Deliverables,Bill of materials CSV with materials quantities costs,Backend,N/A (Server),CSV file,csv crate,P1,Gap,N/A,manufacturing/bom.csv,Gap,N/A
REQ-392,Export-Package,Doc-ProSWARM,Deliverables,Standards compliance checklist PDF,Backend,N/A (Server),PDF document,genpdf crate,P1,Gap,N/A,compliance/standards_checklist.pdf,Gap,N/A
REQ-393,Export-Package,Doc-ProSWARM,Deliverables,Test requirements JSON derived from applicable standards,Backend,N/A (Server),JSON document,serde_json,P1,Gap,N/A,compliance/test_requirements.json,Gap,N/A
REQ-394,Export-Package,Doc-ProSWARM,Deliverables,Package metadata JSON with version traceability timestamps,Backend,N/A (Server),JSON document,serde_json,P1,Gap,N/A,metadata.json,Gap,N/A
REQ-395,Export-Package,Doc-ProSWARM,Deliverables,Parametric definition JSON for geometry regeneration,Backend,N/A (Server),JSON document,serde_json,P1,Gap,N/A,parametric/design_definition.json,Gap,N/A
REQ-396,Export-Package,Doc-ProSWARM,Deliverables,Dome profile coordinates CSV for CNC/tooling,Backend,N/A (Server),CSV file,csv crate,P1,Gap,N/A,parametric/dome_profile.csv,Gap,N/A
REQ-397,Export-Package,Doc-ProSWARM,Deliverables,High-resolution mesh STL for 3D printing/tooling,Backend,N/A (Server),STL binary,truck STL export,P2,Gap,N/A,geometry/tank_hires.stl,Gap,N/A
REQ-398,Export-Package,Doc-ProSWARM,Deliverables,FEA input deck generation for ANSYS/Abaqus,Backend,N/A (Server),Solver input file,Custom templates,P2,Gap,N/A,analysis/fea_input.inp,Gap,N/A
REQ-399,Export-Package,Doc-ProSWARM,Deliverables,Thermal analysis results JSON if thermal workflow run,Backend,N/A (Server),JSON document,serde_json,P2,Gap,N/A,analysis/thermal.json,Gap,N/A
REQ-400,Export-Package,Doc-ProSWARM,Deliverables,Fatigue life prediction JSON with cycle counts,Backend,N/A (Server),JSON document,serde_json,P1,Gap,N/A,analysis/fatigue_life.json,Gap,N/A
REQ-401,Export-Package,Doc-ProSWARM,Deliverables,Design comparison report PDF when multiple designs,Backend,N/A (Server),PDF document,genpdf crate,P2,Gap,N/A,comparison_report.pdf,Gap,N/A
REQ-402,Export-Package,Doc-ProSWARM,Deliverables,Pareto frontier data CSV with all evaluated designs,Backend,N/A (Server),CSV file,csv crate,P1,Gap,N/A,optimization/pareto_frontier.csv,Gap,N/A
REQ-403,Export-Package,Doc-ProSWARM,Deliverables,Optimization history JSON showing convergence,Backend,N/A (Server),JSON document,serde_json,P2,Gap,N/A,optimization/history.json,Gap,N/A
REQ-404,Export-Package,Doc-ProSWARM,Deliverables,Material property cards JSON for all selected materials,Backend,N/A (Server),JSON document,serde_json,P1,Gap,N/A,materials/properties.json,Gap,N/A
REQ-405,Export-Package,Doc-ProSWARM,Deliverables,Boss detail drawing SVG with thread specifications,Backend,N/A (Server),SVG markup,svg crate,P1,Gap,N/A,geometry/boss_detail.svg,Gap,N/A
REQ-406,Export-Package,Doc-ProSWARM,API,Package generation endpoint with format options,Backend,N/A (Server),Package config,Axum handler,P1,Gap,N/A,POST /api/export/{id}/generate,Gap,N/A
REQ-407,Export-Package,Doc-ProSWARM,API,Package download endpoint with streaming response,Backend,N/A (Server),ZIP stream,tokio streaming,P1,Gap,N/A,GET /api/export/{id}/download,Gap,N/A
REQ-408,Export-Package,Doc-ProSWARM,API,Individual file download from package,Backend,N/A (Server),File bytes,Axum handler,P1,Gap,N/A,GET /api/export/{id}/file/{path},Gap,N/A
REQ-409,Export-Package,Doc-ProSWARM,API,Package manifest listing all available files,Backend,N/A (Server),JSON manifest,serde_json,P1,Gap,N/A,GET /api/export/{id}/manifest,Gap,N/A
REQ-410,Export-Package,Doc-ProSWARM,API,Async package generation with progress tracking,Backend,N/A (Server),Progress updates,WebSocket/SSE,P2,Gap,N/A,WS /api/export/{id}/progress,Gap,N/A
REQ-411,CI-CD,Doc-CICD,DevOps,GitHub Actions CI workflow for lint and type checking,DevOps,N/A,CI config,GitHub Actions,P1,Implemented,v0.1.0,.github/workflows/ci.yml,Complete,v0.1.0
REQ-412,CI-CD,Doc-CICD,DevOps,Automated unit test execution with Vitest,DevOps,N/A,Test results,Vitest runner,P1,Implemented,v0.1.0,.github/workflows/ci.yml,Complete,v0.1.0
REQ-413,CI-CD,Doc-CICD,DevOps,Test coverage threshold enforcement (60% minimum),DevOps,N/A,Coverage report,V8 coverage,P1,Implemented,v0.1.0,vitest.config.ts,Complete,v0.1.0
REQ-414,CI-CD,Doc-CICD,DevOps,Build verification in CI pipeline,DevOps,N/A,Build artifacts,Next.js build,P1,Implemented,v0.1.0,.github/workflows/ci.yml,Complete,v0.1.0
REQ-415,CI-CD,Doc-CICD,DevOps,E2E test execution with Playwright on PRs to main,DevOps,N/A,E2E results,Playwright,P1,Implemented,v0.1.0,.github/workflows/ci.yml,Complete,v0.1.0
REQ-416,CI-CD,Doc-CICD,DevOps,Vercel preview deployment for pull requests,DevOps,N/A,Preview URL,Vercel Action,P1,Implemented,v0.1.0,.github/workflows/ci.yml,Complete,v0.1.0
REQ-417,CI-CD,Doc-CICD,DevOps,Vercel production deployment on main branch merge,DevOps,N/A,Production deploy,Vercel Action,P1,Implemented,v0.1.0,.github/workflows/ci.yml,Complete,v0.1.0
REQ-418,CI-CD,Doc-CICD,DevOps,Security audit with npm audit in pipeline,DevOps,N/A,Audit report,npm audit,P2,Implemented,v0.1.0,.github/workflows/ci.yml,Complete,v0.1.0
REQ-419,CI-CD,Doc-CICD,DevOps,Concurrent job cancellation for same branch,DevOps,N/A,Job efficiency,GitHub concurrency,P2,Implemented,v0.1.0,.github/workflows/ci.yml,Complete,v0.1.0
REQ-420,CI-CD,Doc-CICD,DevOps,Test artifact upload for debugging failures,DevOps,N/A,Artifacts,actions/upload-artifact,P2,Implemented,v0.1.0,.github/workflows/ci.yml,Complete,v0.1.0
REQ-421,Vercel,Doc-CICD,Infrastructure,Vercel serverless function configuration (1024MB 10s),Frontend,N/A,Function config,vercel.json,P1,Implemented,v0.1.0,vercel.json,Complete,v0.1.0
REQ-422,Vercel,Doc-CICD,Infrastructure,Security headers (X-Frame-Options X-XSS-Protection),Frontend,N/A,HTTP headers,vercel.json,P1,Implemented,v0.1.0,vercel.json,Complete,v0.1.0
REQ-423,Vercel,Doc-CICD,Infrastructure,CORS configuration for API routes,Frontend,N/A,CORS headers,vercel.json,P1,Implemented,v0.1.0,vercel.json,Complete,v0.1.0
REQ-424,Vercel,Doc-CICD,Infrastructure,Health check endpoint for monitoring,Frontend,N/A,Health response,Next.js API route,P1,Implemented,v0.1.0,api/health/route.ts,Complete,v0.1.0
REQ-425,Vercel,Doc-CICD,Infrastructure,Environment variable configuration per environment,Frontend,N/A,Env config,.env files,P1,Implemented,v0.1.0,.env.example,Complete,v0.1.0
REQ-426,Quality,Doc-CICD,DevOps,ESLint configuration with Next.js rules,Frontend,N/A,Lint rules,eslint.config.mjs,P1,Implemented,v0.1.0,eslint.config.mjs,Complete,v0.1.0
REQ-427,Quality,Doc-CICD,DevOps,TypeScript strict mode compilation check,Frontend,N/A,Type errors,tsc --noEmit,P1,Implemented,v0.1.0,package.json scripts,Complete,v0.1.0
REQ-428,Quality,Doc-CICD,DevOps,Pre-deployment validation script (lint+typecheck+test),Frontend,N/A,Validation pass,npm run validate,P1,Implemented,v0.1.0,package.json scripts,Complete,v0.1.0
REQ-429,Quality,Doc-CICD,DevOps,Mock server test suite with Vitest,Backend,N/A,Test results,Vitest,P1,Implemented,v0.1.0,h2-tank-mock-server tests,Complete,v0.1.0
REQ-430,Quality,Doc-CICD,DevOps,Playwright E2E test configuration with retries,Frontend,N/A,E2E config,playwright.config.ts,P1,Implemented,v0.1.0,playwright.config.ts,Complete,v0.1.0
